Assuming unrestricted shared filesystem usage.
None
host: UWO-CBS-Heavy12
Building DAG of jobs...
Your conda installation is not configured to use strict channel priorities. This is however important for having robust and correct environments (for details, see https://conda-forge.org/docs/user/tipsandtricks.html). Please consider to configure strict priorities by executing 'conda config --set channel_priority strict'.
Creating conda environment ../autoafids/workflow/envs/resample.yaml...
Downloading and installing remote packages.
Cleaning up conda package tarballs.
Environment for /local/scratch/autoafids/autoafids/workflow/envs/resample.yaml created (location: ../../../../localscratch/.cache/autoafids/conda/fd9ea35b16c4e2c41feeb821ac0ad38d_)
Creating conda environment ../autoafids/workflow/envs/skimage.yaml...
Downloading and installing remote packages.
Cleaning up conda package tarballs.
Environment for /local/scratch/autoafids/autoafids/workflow/rules/../envs/skimage.yaml created (location: ../../../../localscratch/.cache/autoafids/conda/7e9941e9acc1503fed10fd844ea3118b_)
Creating conda environment ../autoafids/workflow/envs/nnlm.yaml...
Downloading and installing remote packages.
Cleaning up conda package tarballs.
Environment for /local/scratch/autoafids/autoafids/workflow/rules/../envs/nnlm.yaml created (location: ../../../../localscratch/.cache/autoafids/conda/6ee0e8c060cc6e84267c0f99faf11702_)
Creating conda environment ../autoafids/workflow/envs/nibabel.yaml...
Downloading and installing remote packages.
Cleaning up conda package tarballs.
Environment for /local/scratch/autoafids/autoafids/workflow/envs/nibabel.yaml created (location: ../../../../localscratch/.cache/autoafids/conda/9b0ebefefdaf8f4c3064162c9af16ee6_)
Creating conda environment ../autoafids/workflow/envs/ants.yaml...
Downloading and installing remote packages.
Cleaning up conda package tarballs.
Environment for /local/scratch/autoafids/autoafids/workflow/envs/ants.yaml created (location: ../../../../localscratch/.cache/autoafids/conda/e8ff564ca4e208014aa4e977742ac559_)
Using shell: /usr/bin/bash
Provided cores: 12
Rules claiming more threads will be scaled down.
Job stats:
job                    count
-------------------  -------
all                        1
download_nnlm_model        1
n4_bias_correction        26
nnlm_to_fcsv              26
norm_im                   26
resample_im               26
run_nnlm                  26
stereotaxy                26
total                    158

Select jobs to execute...
Execute 12 jobs...
[Mon Aug 17 11:30:41 2026]
localrule n4_bias_correction:
    input: /local/scratch/rawdata/sub-P292/ses-preop/anat/sub-P292_ses-preop_acq-ax_run-01_T1w.nii.gz
    output: work/sub-P292/ses-preop/n4biascorr/sub-P292_ses-preop_acq-ax_run-01_desc-n4corrected_T1w.nii.gz
    jobid: 76
    reason: Missing output files: work/sub-P292/ses-preop/n4biascorr/sub-P292_ses-preop_acq-ax_run-01_desc-n4corrected_T1w.nii.gz
    wildcards: subject=P292, session=preop, acq=ax, run=01
    resources: tmpdir=/localscratch/tmp
[Mon Aug 17 11:30:41 2026]
localrule n4_bias_correction:
    input: /local/scratch/rawdata/sub-P165/ses-preop/anat/sub-P165_ses-preop_acq-ax_run-01_T1w.nii.gz
    output: work/sub-P165/ses-preop/n4biascorr/sub-P165_ses-preop_acq-ax_run-01_desc-n4corrected_T1w.nii.gz
    jobid: 5
    reason: Missing output files: work/sub-P165/ses-preop/n4biascorr/sub-P165_ses-preop_acq-ax_run-01_desc-n4corrected_T1w.nii.gz
    wildcards: subject=P165, session=preop, acq=ax, run=01
    resources: tmpdir=/localscratch/tmp
[Mon Aug 17 11:30:41 2026]
localrule n4_bias_correction:
    input: /local/scratch/rawdata/sub-P214/ses-preop/anat/sub-P214_ses-preop_acq-ax_run-01_T1w.nii.gz
    output: work/sub-P214/ses-preop/n4biascorr/sub-P214_ses-preop_acq-ax_run-01_desc-n4corrected_T1w.nii.gz
    jobid: 46
    reason: Missing output files: work/sub-P214/ses-preop/n4biascorr/sub-P214_ses-preop_acq-ax_run-01_desc-n4corrected_T1w.nii.gz
    wildcards: subject=P214, session=preop, acq=ax, run=01
    resources: tmpdir=/localscratch/tmp
[Mon Aug 17 11:30:41 2026]
localrule n4_bias_correction:
    input: /local/scratch/rawdata/sub-P352/ses-preop/anat/sub-P352_ses-preop_acq-ax_run-01_T1w.nii.gz
    output: work/sub-P352/ses-preop/n4biascorr/sub-P352_ses-preop_acq-ax_run-01_desc-n4corrected_T1w.nii.gz
    jobid: 101
    reason: Missing output files: work/sub-P352/ses-preop/n4biascorr/sub-P352_ses-preop_acq-ax_run-01_desc-n4corrected_T1w.nii.gz
    wildcards: subject=P352, session=preop, acq=ax, run=01
    resources: tmpdir=/localscratch/tmp
[Mon Aug 17 11:30:41 2026]
localrule n4_bias_correction:
    input: /local/scratch/rawdata/sub-P293/ses-preop/anat/sub-P293_ses-preop_acq-ax_run-01_T1w.nii.gz
    output: work/sub-P293/ses-preop/n4biascorr/sub-P293_ses-preop_acq-ax_run-01_desc-n4corrected_T1w.nii.gz
    jobid: 81
    reason: Missing output files: work/sub-P293/ses-preop/n4biascorr/sub-P293_ses-preop_acq-ax_run-01_desc-n4corrected_T1w.nii.gz
    wildcards: subject=P293, session=preop, acq=ax, run=01
    resources: tmpdir=/localscratch/tmp
[Mon Aug 17 11:30:41 2026]
localrule n4_bias_correction:
    input: /local/scratch/rawdata/sub-P221/ses-preop/anat/sub-P221_ses-preop_acq-ax_run-01_T1w.nii.gz
    output: work/sub-P221/ses-preop/n4biascorr/sub-P221_ses-preop_acq-ax_run-01_desc-n4corrected_T1w.nii.gz
    jobid: 51
    reason: Missing output files: work/sub-P221/ses-preop/n4biascorr/sub-P221_ses-preop_acq-ax_run-01_desc-n4corrected_T1w.nii.gz
    wildcards: subject=P221, session=preop, acq=ax, run=01
    resources: tmpdir=/localscratch/tmp
[Mon Aug 17 11:30:41 2026]
localrule n4_bias_correction:
    input: /local/scratch/rawdata/sub-P289/ses-preop/anat/sub-P289_ses-preop_acq-ax_run-01_T1w.nii.gz
    output: work/sub-P289/ses-preop/n4biascorr/sub-P289_ses-preop_acq-ax_run-01_desc-n4corrected_T1w.nii.gz
    jobid: 71
    reason: Missing output files: work/sub-P289/ses-preop/n4biascorr/sub-P289_ses-preop_acq-ax_run-01_desc-n4corrected_T1w.nii.gz
    wildcards: subject=P289, session=preop, acq=ax, run=01
    resources: tmpdir=/localscratch/tmp
[Mon Aug 17 11:30:41 2026]
localrule n4_bias_correction:
    input: /local/scratch/rawdata/sub-P281/ses-preop/anat/sub-P281_ses-preop_acq-ax_run-01_T1w.nii.gz
    output: work/sub-P281/ses-preop/n4biascorr/sub-P281_ses-preop_acq-ax_run-01_desc-n4corrected_T1w.nii.gz
    jobid: 66
    reason: Missing output files: work/sub-P281/ses-preop/n4biascorr/sub-P281_ses-preop_acq-ax_run-01_desc-n4corrected_T1w.nii.gz
    wildcards: subject=P281, session=preop, acq=ax, run=01
    resources: tmpdir=/localscratch/tmp
[Mon Aug 17 11:30:41 2026]
localrule n4_bias_correction:
    input: /local/scratch/rawdata/sub-P310/ses-preop/anat/sub-P310_ses-preop_acq-ax_run-01_T1w.nii.gz
    output: work/sub-P310/ses-preop/n4biascorr/sub-P310_ses-preop_acq-ax_run-01_desc-n4corrected_T1w.nii.gz
    jobid: 86
    reason: Missing output files: work/sub-P310/ses-preop/n4biascorr/sub-P310_ses-preop_acq-ax_run-01_desc-n4corrected_T1w.nii.gz
    wildcards: subject=P310, session=preop, acq=ax, run=01
    resources: tmpdir=/localscratch/tmp
[Mon Aug 17 11:30:41 2026]
localrule n4_bias_correction:
    input: /local/scratch/rawdata/sub-P182/ses-preop/anat/sub-P182_ses-preop_acq-ax_run-01_T1w.nii.gz
    output: work/sub-P182/ses-preop/n4biascorr/sub-P182_ses-preop_acq-ax_run-01_desc-n4corrected_T1w.nii.gz
    jobid: 21
    reason: Missing output files: work/sub-P182/ses-preop/n4biascorr/sub-P182_ses-preop_acq-ax_run-01_desc-n4corrected_T1w.nii.gz
    wildcards: subject=P182, session=preop, acq=ax, run=01
    resources: tmpdir=/localscratch/tmp
[Mon Aug 17 11:30:41 2026]
localrule n4_bias_correction:
    input: /local/scratch/rawdata/sub-P355/ses-preop/anat/sub-P355_ses-preop_acq-ax_run-01_T1w.nii.gz
    output: work/sub-P355/ses-preop/n4biascorr/sub-P355_ses-preop_acq-ax_run-01_desc-n4corrected_T1w.nii.gz
    jobid: 111
    reason: Missing output files: work/sub-P355/ses-preop/n4biascorr/sub-P355_ses-preop_acq-ax_run-01_desc-n4corrected_T1w.nii.gz
    wildcards: subject=P355, session=preop, acq=ax, run=01
    resources: tmpdir=/localscratch/tmp
[Mon Aug 17 11:30:41 2026]
localrule download_nnlm_model:
    output: /localscratch/.cache/autoafids/models/nnlm
    log: logs/download_nnlm_model.log
    jobid: 6
    reason: Missing output files: /localscratch/.cache/autoafids/models/nnlm
    resources: tmpdir=/localscratch/tmp
Select jobs to execute...
Activating conda environment: ../../../../localscratch/.cache/autoafids/conda/e8ff564ca4e208014aa4e977742ac559_
Activating conda environment: ../../../../localscratch/.cache/autoafids/conda/e8ff564ca4e208014aa4e977742ac559_
Activating conda environment: ../../../../localscratch/.cache/autoafids/conda/e8ff564ca4e208014aa4e977742ac559_
Activating conda environment: ../../../../localscratch/.cache/autoafids/conda/e8ff564ca4e208014aa4e977742ac559_
Activating conda environment: ../../../../localscratch/.cache/autoafids/conda/e8ff564ca4e208014aa4e977742ac559_
Activating conda environment: ../../../../localscratch/.cache/autoafids/conda/e8ff564ca4e208014aa4e977742ac559_
Activating conda environment: ../../../../localscratch/.cache/autoafids/conda/e8ff564ca4e208014aa4e977742ac559_
Activating conda environment: ../../../../localscratch/.cache/autoafids/conda/e8ff564ca4e208014aa4e977742ac559_
Activating conda environment: ../../../../localscratch/.cache/autoafids/conda/e8ff564ca4e208014aa4e977742ac559_
Activating conda environment: ../../../../localscratch/.cache/autoafids/conda/e8ff564ca4e208014aa4e977742ac559_
Activating conda environment: ../../../../localscratch/.cache/autoafids/conda/e8ff564ca4e208014aa4e977742ac559_
Activating conda environment: ../../../../localscratch/.cache/autoafids/conda/e8ff564ca4e208014aa4e977742ac559_
Activating conda environment: ../../../../localscratch/.cache/autoafids/conda/e8ff564ca4e208014aa4e977742ac559_
Activating conda environment: ../../../../localscratch/.cache/autoafids/conda/e8ff564ca4e208014aa4e977742ac559_
Activating conda environment: ../../../../localscratch/.cache/autoafids/conda/e8ff564ca4e208014aa4e977742ac559_
Activating conda environment: ../../../../localscratch/.cache/autoafids/conda/e8ff564ca4e208014aa4e977742ac559_
Activating conda environment: ../../../../localscratch/.cache/autoafids/conda/e8ff564ca4e208014aa4e977742ac559_
Activating conda environment: ../../../../localscratch/.cache/autoafids/conda/e8ff564ca4e208014aa4e977742ac559_
Activating conda environment: ../../../../localscratch/.cache/autoafids/conda/e8ff564ca4e208014aa4e977742ac559_
Activating conda environment: ../../../../localscratch/.cache/autoafids/conda/e8ff564ca4e208014aa4e977742ac559_
Activating conda environment: ../../../../localscratch/.cache/autoafids/conda/e8ff564ca4e208014aa4e977742ac559_
Activating conda environment: ../../../../localscratch/.cache/autoafids/conda/e8ff564ca4e208014aa4e977742ac559_
[Mon Aug 17 11:33:56 2026]
Finished jobid: 5 (Rule: n4_bias_correction)
1 of 158 steps (1%) done
Execute 1 jobs...
[Mon Aug 17 11:33:56 2026]
localrule n4_bias_correction:
    input: /local/scratch/rawdata/sub-P193/ses-preop/anat/sub-P193_ses-preop_acq-ax_run-01_T1w.nii.gz
    output: work/sub-P193/ses-preop/n4biascorr/sub-P193_ses-preop_acq-ax_run-01_desc-n4corrected_T1w.nii.gz
    jobid: 26
    reason: Missing output files: work/sub-P193/ses-preop/n4biascorr/sub-P193_ses-preop_acq-ax_run-01_desc-n4corrected_T1w.nii.gz
    wildcards: subject=P193, session=preop, acq=ax, run=01
    resources: tmpdir=/localscratch/tmp
Activating conda environment: ../../../../localscratch/.cache/autoafids/conda/e8ff564ca4e208014aa4e977742ac559_
Select jobs to execute...
[Mon Aug 17 11:33:57 2026]
Finished jobid: 21 (Rule: n4_bias_correction)
2 of 158 steps (1%) done
Execute 1 jobs...
[Mon Aug 17 11:33:57 2026]
localrule n4_bias_correction:
    input: /local/scratch/rawdata/sub-P350/ses-preop/anat/sub-P350_ses-preop_acq-ax_run-01_T1w.nii.gz
    output: work/sub-P350/ses-preop/n4biascorr/sub-P350_ses-preop_acq-ax_run-01_desc-n4corrected_T1w.nii.gz
    jobid: 96
    reason: Missing output files: work/sub-P350/ses-preop/n4biascorr/sub-P350_ses-preop_acq-ax_run-01_desc-n4corrected_T1w.nii.gz
    wildcards: subject=P350, session=preop, acq=ax, run=01
    resources: tmpdir=/localscratch/tmp
Activating conda environment: ../../../../localscratch/.cache/autoafids/conda/e8ff564ca4e208014aa4e977742ac559_
[Mon Aug 17 11:33:58 2026]
Finished jobid: 46 (Rule: n4_bias_correction)
3 of 158 steps (2%) done
Select jobs to execute...
Execute 1 jobs...
[Mon Aug 17 11:33:58 2026]
localrule n4_bias_correction:
    input: /local/scratch/rawdata/sub-P359/ses-preop/anat/sub-P359_ses-preop_acq-ax_run-01_T1w.nii.gz
    output: work/sub-P359/ses-preop/n4biascorr/sub-P359_ses-preop_acq-ax_run-01_desc-n4corrected_T1w.nii.gz
    jobid: 116
    reason: Missing output files: work/sub-P359/ses-preop/n4biascorr/sub-P359_ses-preop_acq-ax_run-01_desc-n4corrected_T1w.nii.gz
    wildcards: subject=P359, session=preop, acq=ax, run=01
    resources: tmpdir=/localscratch/tmp
Activating conda environment: ../../../../localscratch/.cache/autoafids/conda/e8ff564ca4e208014aa4e977742ac559_
Select jobs to execute...
Activating conda environment: ../../../../localscratch/.cache/autoafids/conda/e8ff564ca4e208014aa4e977742ac559_
[Mon Aug 17 11:34:00 2026]
Finished jobid: 71 (Rule: n4_bias_correction)
4 of 158 steps (3%) done
Execute 1 jobs...
[Mon Aug 17 11:34:00 2026]
localrule n4_bias_correction:
    input: /local/scratch/rawdata/sub-P175/ses-preop/anat/sub-P175_ses-preop_acq-ax_run-01_T1w.nii.gz
    output: work/sub-P175/ses-preop/n4biascorr/sub-P175_ses-preop_acq-ax_run-01_desc-n4corrected_T1w.nii.gz
    jobid: 16
    reason: Missing output files: work/sub-P175/ses-preop/n4biascorr/sub-P175_ses-preop_acq-ax_run-01_desc-n4corrected_T1w.nii.gz
    wildcards: subject=P175, session=preop, acq=ax, run=01
    resources: tmpdir=/localscratch/tmp
Activating conda environment: ../../../../localscratch/.cache/autoafids/conda/e8ff564ca4e208014aa4e977742ac559_
Select jobs to execute...
Activating conda environment: ../../../../localscratch/.cache/autoafids/conda/e8ff564ca4e208014aa4e977742ac559_
Activating conda environment: ../../../../localscratch/.cache/autoafids/conda/e8ff564ca4e208014aa4e977742ac559_
Activating conda environment: ../../../../localscratch/.cache/autoafids/conda/e8ff564ca4e208014aa4e977742ac559_
[Mon Aug 17 11:34:22 2026]
Finished jobid: 51 (Rule: n4_bias_correction)
5 of 158 steps (3%) done
Execute 1 jobs...
[Mon Aug 17 11:34:22 2026]
localrule n4_bias_correction:
    input: /local/scratch/rawdata/sub-P167/ses-preop/anat/sub-P167_ses-preop_acq-ax_run-01_T1w.nii.gz
    output: work/sub-P167/ses-preop/n4biascorr/sub-P167_ses-preop_acq-ax_run-01_desc-n4corrected_T1w.nii.gz
    jobid: 11
    reason: Missing output files: work/sub-P167/ses-preop/n4biascorr/sub-P167_ses-preop_acq-ax_run-01_desc-n4corrected_T1w.nii.gz
    wildcards: subject=P167, session=preop, acq=ax, run=01
    resources: tmpdir=/localscratch/tmp
Activating conda environment: ../../../../localscratch/.cache/autoafids/conda/e8ff564ca4e208014aa4e977742ac559_
Select jobs to execute...
Activating conda environment: ../../../../localscratch/.cache/autoafids/conda/e8ff564ca4e208014aa4e977742ac559_
[Mon Aug 17 11:35:37 2026]
Finished jobid: 101 (Rule: n4_bias_correction)
6 of 158 steps (4%) done
Execute 1 jobs...
[Mon Aug 17 11:35:37 2026]
localrule n4_bias_correction:
    input: /local/scratch/rawdata/sub-P205/ses-preop/anat/sub-P205_ses-preop_acq-ax_run-01_T1w.nii.gz
    output: work/sub-P205/ses-preop/n4biascorr/sub-P205_ses-preop_acq-ax_run-01_desc-n4corrected_T1w.nii.gz
    jobid: 36
    reason: Missing output files: work/sub-P205/ses-preop/n4biascorr/sub-P205_ses-preop_acq-ax_run-01_desc-n4corrected_T1w.nii.gz
    wildcards: subject=P205, session=preop, acq=ax, run=01
    resources: tmpdir=/localscratch/tmp
Activating conda environment: ../../../../localscratch/.cache/autoafids/conda/e8ff564ca4e208014aa4e977742ac559_
Select jobs to execute...
Activating conda environment: ../../../../localscratch/.cache/autoafids/conda/e8ff564ca4e208014aa4e977742ac559_
[Mon Aug 17 11:37:36 2026]
Finished jobid: 26 (Rule: n4_bias_correction)
7 of 158 steps (4%) done
Execute 1 jobs...
[Mon Aug 17 11:37:36 2026]
localrule norm_im:
    input: work/sub-P289/ses-preop/n4biascorr/sub-P289_ses-preop_acq-ax_run-01_desc-n4corrected_T1w.nii.gz
    output: work/sub-P289/ses-preop/normalize/sub-P289_ses-preop_acq-ax_run-01_desc-zscore_T1w.nii.gz
    jobid: 70
    reason: Missing output files: work/sub-P289/ses-preop/normalize/sub-P289_ses-preop_acq-ax_run-01_desc-zscore_T1w.nii.gz; Input files updated by another job: work/sub-P289/ses-preop/n4biascorr/sub-P289_ses-preop_acq-ax_run-01_desc-n4corrected_T1w.nii.gz
    wildcards: subject=P289, session=preop, acq=ax, run=01
    resources: tmpdir=/localscratch/tmp
Activating conda environment: ../../../../localscratch/.cache/autoafids/conda/9b0ebefefdaf8f4c3064162c9af16ee6_
Select jobs to execute...
Activating conda environment: ../../../../localscratch/.cache/autoafids/conda/9b0ebefefdaf8f4c3064162c9af16ee6_
[Mon Aug 17 11:37:42 2026]
Finished jobid: 16 (Rule: n4_bias_correction)
8 of 158 steps (5%) done
Execute 1 jobs...
[Mon Aug 17 11:37:43 2026]
localrule norm_im:
    input: work/sub-P182/ses-preop/n4biascorr/sub-P182_ses-preop_acq-ax_run-01_desc-n4corrected_T1w.nii.gz
    output: work/sub-P182/ses-preop/normalize/sub-P182_ses-preop_acq-ax_run-01_desc-zscore_T1w.nii.gz
    jobid: 20
    reason: Missing output files: work/sub-P182/ses-preop/normalize/sub-P182_ses-preop_acq-ax_run-01_desc-zscore_T1w.nii.gz; Input files updated by another job: work/sub-P182/ses-preop/n4biascorr/sub-P182_ses-preop_acq-ax_run-01_desc-n4corrected_T1w.nii.gz
    wildcards: subject=P182, session=preop, acq=ax, run=01
    resources: tmpdir=/localscratch/tmp
Select jobs to execute...
Activating conda environment: ../../../../localscratch/.cache/autoafids/conda/9b0ebefefdaf8f4c3064162c9af16ee6_
Activating conda environment: ../../../../localscratch/.cache/autoafids/conda/9b0ebefefdaf8f4c3064162c9af16ee6_
[Mon Aug 17 11:38:05 2026]
Finished jobid: 11 (Rule: n4_bias_correction)
9 of 158 steps (6%) done
Execute 1 jobs...
[Mon Aug 17 11:38:05 2026]
localrule n4_bias_correction:
    input: /local/scratch/rawdata/sub-P202/ses-preop/anat/sub-P202_ses-preop_acq-ax_run-01_T1w.nii.gz
    output: work/sub-P202/ses-preop/n4biascorr/sub-P202_ses-preop_acq-ax_run-01_desc-n4corrected_T1w.nii.gz
    jobid: 31
    reason: Missing output files: work/sub-P202/ses-preop/n4biascorr/sub-P202_ses-preop_acq-ax_run-01_desc-n4corrected_T1w.nii.gz
    wildcards: subject=P202, session=preop, acq=ax, run=01
    resources: tmpdir=/localscratch/tmp
Activating conda environment: ../../../../localscratch/.cache/autoafids/conda/e8ff564ca4e208014aa4e977742ac559_
Select jobs to execute...
[Mon Aug 17 11:38:09 2026]
Finished jobid: 70 (Rule: norm_im)
10 of 158 steps (6%) done
Execute 1 jobs...
[Mon Aug 17 11:38:09 2026]
localrule n4_bias_correction:
    input: /local/scratch/rawdata/sub-P369/ses-preop/anat/sub-P369_ses-preop_acq-ax_run-01_T1w.nii.gz
    output: work/sub-P369/ses-preop/n4biascorr/sub-P369_ses-preop_acq-ax_run-01_desc-n4corrected_T1w.nii.gz
    jobid: 126
    reason: Missing output files: work/sub-P369/ses-preop/n4biascorr/sub-P369_ses-preop_acq-ax_run-01_desc-n4corrected_T1w.nii.gz
    wildcards: subject=P369, session=preop, acq=ax, run=01
    resources: tmpdir=/localscratch/tmp
Activating conda environment: ../../../../localscratch/.cache/autoafids/conda/e8ff564ca4e208014aa4e977742ac559_
Select jobs to execute...
Activating conda environment: ../../../../localscratch/.cache/autoafids/conda/e8ff564ca4e208014aa4e977742ac559_
[Mon Aug 17 11:38:10 2026]
Finished jobid: 20 (Rule: norm_im)
11 of 158 steps (7%) done
Execute 1 jobs...
[Mon Aug 17 11:38:11 2026]
localrule n4_bias_correction:
    input: /local/scratch/rawdata/sub-P277/ses-preop/anat/sub-P277_ses-preop_acq-ax_run-01_T1w.nii.gz
    output: work/sub-P277/ses-preop/n4biascorr/sub-P277_ses-preop_acq-ax_run-01_desc-n4corrected_T1w.nii.gz
    jobid: 61
    reason: Missing output files: work/sub-P277/ses-preop/n4biascorr/sub-P277_ses-preop_acq-ax_run-01_desc-n4corrected_T1w.nii.gz
    wildcards: subject=P277, session=preop, acq=ax, run=01
    resources: tmpdir=/localscratch/tmp
Activating conda environment: ../../../../localscratch/.cache/autoafids/conda/e8ff564ca4e208014aa4e977742ac559_
Select jobs to execute...
Activating conda environment: ../../../../localscratch/.cache/autoafids/conda/e8ff564ca4e208014aa4e977742ac559_
Activating conda environment: ../../../../localscratch/.cache/autoafids/conda/e8ff564ca4e208014aa4e977742ac559_
[Mon Aug 17 11:39:13 2026]
Finished jobid: 96 (Rule: n4_bias_correction)
12 of 158 steps (8%) done
Execute 1 jobs...
[Mon Aug 17 11:39:13 2026]
localrule resample_im:
    input: work/sub-P182/ses-preop/normalize/sub-P182_ses-preop_acq-ax_run-01_desc-zscore_T1w.nii.gz
    output: work/sub-P182/ses-preop/resample/sub-P182_ses-preop_acq-ax_run-01_res-100_desc-zscore_T1w.nii.gz
    jobid: 19
    reason: Missing output files: work/sub-P182/ses-preop/resample/sub-P182_ses-preop_acq-ax_run-01_res-100_desc-zscore_T1w.nii.gz; Input files updated by another job: work/sub-P182/ses-preop/normalize/sub-P182_ses-preop_acq-ax_run-01_desc-zscore_T1w.nii.gz
    wildcards: subject=P182, session=preop, acq=ax, run=01
    resources: tmpdir=/localscratch/tmp
Select jobs to execute...
Activating conda environment: ../../../../localscratch/.cache/autoafids/conda/fd9ea35b16c4e2c41feeb821ac0ad38d_
[Mon Aug 17 11:39:17 2026]
Finished jobid: 36 (Rule: n4_bias_correction)
13 of 158 steps (8%) done
Execute 1 jobs...
[Mon Aug 17 11:39:18 2026]
localrule n4_bias_correction:
    input: /local/scratch/rawdata/sub-P374/ses-preop/anat/sub-P374_ses-preop_acq-ax_run-01_T1w.nii.gz
    output: work/sub-P374/ses-preop/n4biascorr/sub-P374_ses-preop_acq-ax_run-01_desc-n4corrected_T1w.nii.gz
    jobid: 131
    reason: Missing output files: work/sub-P374/ses-preop/n4biascorr/sub-P374_ses-preop_acq-ax_run-01_desc-n4corrected_T1w.nii.gz
    wildcards: subject=P374, session=preop, acq=ax, run=01
    resources: tmpdir=/localscratch/tmp
Activating conda environment: ../../../../localscratch/.cache/autoafids/conda/e8ff564ca4e208014aa4e977742ac559_
Select jobs to execute...
Activating conda environment: ../../../../localscratch/.cache/autoafids/conda/fd9ea35b16c4e2c41feeb821ac0ad38d_
Activating conda environment: ../../../../localscratch/.cache/autoafids/conda/e8ff564ca4e208014aa4e977742ac559_
[Mon Aug 17 11:40:52 2026]
Finished jobid: 6 (Rule: download_nnlm_model)
14 of 158 steps (9%) done
Execute 1 jobs...
[Mon Aug 17 11:40:52 2026]
localrule norm_im:
    input: work/sub-P214/ses-preop/n4biascorr/sub-P214_ses-preop_acq-ax_run-01_desc-n4corrected_T1w.nii.gz
    output: work/sub-P214/ses-preop/normalize/sub-P214_ses-preop_acq-ax_run-01_desc-zscore_T1w.nii.gz
    jobid: 45
    reason: Missing output files: work/sub-P214/ses-preop/normalize/sub-P214_ses-preop_acq-ax_run-01_desc-zscore_T1w.nii.gz; Input files updated by another job: work/sub-P214/ses-preop/n4biascorr/sub-P214_ses-preop_acq-ax_run-01_desc-n4corrected_T1w.nii.gz
    wildcards: subject=P214, session=preop, acq=ax, run=01
    resources: tmpdir=/localscratch/tmp
Activating conda environment: ../../../../localscratch/.cache/autoafids/conda/9b0ebefefdaf8f4c3064162c9af16ee6_
Select jobs to execute...
Activating conda environment: ../../../../localscratch/.cache/autoafids/conda/9b0ebefefdaf8f4c3064162c9af16ee6_
[Mon Aug 17 11:41:01 2026]
Finished jobid: 19 (Rule: resample_im)
15 of 158 steps (9%) done
Execute 1 jobs...
[Mon Aug 17 11:41:01 2026]
localrule n4_bias_correction:
    input: /local/scratch/rawdata/sub-P353/ses-preop/anat/sub-P353_ses-preop_acq-ax_run-01_T1w.nii.gz
    output: work/sub-P353/ses-preop/n4biascorr/sub-P353_ses-preop_acq-ax_run-01_desc-n4corrected_T1w.nii.gz
    jobid: 106
    reason: Missing output files: work/sub-P353/ses-preop/n4biascorr/sub-P353_ses-preop_acq-ax_run-01_desc-n4corrected_T1w.nii.gz
    wildcards: subject=P353, session=preop, acq=ax, run=01
    resources: tmpdir=/localscratch/tmp
Activating conda environment: ../../../../localscratch/.cache/autoafids/conda/e8ff564ca4e208014aa4e977742ac559_
Select jobs to execute...
Activating conda environment: ../../../../localscratch/.cache/autoafids/conda/e8ff564ca4e208014aa4e977742ac559_
[Mon Aug 17 11:41:30 2026]
Finished jobid: 45 (Rule: norm_im)
16 of 158 steps (10%) done
Execute 1 jobs...
[Mon Aug 17 11:41:30 2026]
localrule resample_im:
    input: work/sub-P289/ses-preop/normalize/sub-P289_ses-preop_acq-ax_run-01_desc-zscore_T1w.nii.gz
    output: work/sub-P289/ses-preop/resample/sub-P289_ses-preop_acq-ax_run-01_res-100_desc-zscore_T1w.nii.gz
    jobid: 69
    reason: Missing output files: work/sub-P289/ses-preop/resample/sub-P289_ses-preop_acq-ax_run-01_res-100_desc-zscore_T1w.nii.gz; Input files updated by another job: work/sub-P289/ses-preop/normalize/sub-P289_ses-preop_acq-ax_run-01_desc-zscore_T1w.nii.gz
    wildcards: subject=P289, session=preop, acq=ax, run=01
    resources: tmpdir=/localscratch/tmp
Select jobs to execute...
Activating conda environment: ../../../../localscratch/.cache/autoafids/conda/fd9ea35b16c4e2c41feeb821ac0ad38d_
Activating conda environment: ../../../../localscratch/.cache/autoafids/conda/fd9ea35b16c4e2c41feeb821ac0ad38d_
[Mon Aug 17 11:42:01 2026]
Finished jobid: 31 (Rule: n4_bias_correction)
17 of 158 steps (11%) done
Execute 1 jobs...
[Mon Aug 17 11:42:01 2026]
localrule norm_im:
    input: work/sub-P205/ses-preop/n4biascorr/sub-P205_ses-preop_acq-ax_run-01_desc-n4corrected_T1w.nii.gz
    output: work/sub-P205/ses-preop/normalize/sub-P205_ses-preop_acq-ax_run-01_desc-zscore_T1w.nii.gz
    jobid: 35
    reason: Missing output files: work/sub-P205/ses-preop/normalize/sub-P205_ses-preop_acq-ax_run-01_desc-zscore_T1w.nii.gz; Input files updated by another job: work/sub-P205/ses-preop/n4biascorr/sub-P205_ses-preop_acq-ax_run-01_desc-n4corrected_T1w.nii.gz
    wildcards: subject=P205, session=preop, acq=ax, run=01
    resources: tmpdir=/localscratch/tmp
Activating conda environment: ../../../../localscratch/.cache/autoafids/conda/9b0ebefefdaf8f4c3064162c9af16ee6_
Select jobs to execute...
Activating conda environment: ../../../../localscratch/.cache/autoafids/conda/9b0ebefefdaf8f4c3064162c9af16ee6_
[Mon Aug 17 11:42:39 2026]
Finished jobid: 126 (Rule: n4_bias_correction)
18 of 158 steps (11%) done
Execute 1 jobs...
[Mon Aug 17 11:42:39 2026]
localrule norm_im:
    input: work/sub-P369/ses-preop/n4biascorr/sub-P369_ses-preop_acq-ax_run-01_desc-n4corrected_T1w.nii.gz
    output: work/sub-P369/ses-preop/normalize/sub-P369_ses-preop_acq-ax_run-01_desc-zscore_T1w.nii.gz
    jobid: 125
    reason: Missing output files: work/sub-P369/ses-preop/normalize/sub-P369_ses-preop_acq-ax_run-01_desc-zscore_T1w.nii.gz; Input files updated by another job: work/sub-P369/ses-preop/n4biascorr/sub-P369_ses-preop_acq-ax_run-01_desc-n4corrected_T1w.nii.gz
    wildcards: subject=P369, session=preop, acq=ax, run=01
    resources: tmpdir=/localscratch/tmp
Activating conda environment: ../../../../localscratch/.cache/autoafids/conda/9b0ebefefdaf8f4c3064162c9af16ee6_
[Mon Aug 17 11:42:39 2026]
Finished jobid: 35 (Rule: norm_im)
19 of 158 steps (12%) done
Select jobs to execute...
Execute 1 jobs...
[Mon Aug 17 11:42:39 2026]
localrule n4_bias_correction:
    input: /local/scratch/rawdata/sub-P213/ses-preop/anat/sub-P213_ses-preop_acq-ax_run-01_T1w.nii.gz
    output: work/sub-P213/ses-preop/n4biascorr/sub-P213_ses-preop_acq-ax_run-01_desc-n4corrected_T1w.nii.gz
    jobid: 41
    reason: Missing output files: work/sub-P213/ses-preop/n4biascorr/sub-P213_ses-preop_acq-ax_run-01_desc-n4corrected_T1w.nii.gz
    wildcards: subject=P213, session=preop, acq=ax, run=01
    resources: tmpdir=/localscratch/tmp
Activating conda environment: ../../../../localscratch/.cache/autoafids/conda/e8ff564ca4e208014aa4e977742ac559_
Select jobs to execute...
Activating conda environment: ../../../../localscratch/.cache/autoafids/conda/e8ff564ca4e208014aa4e977742ac559_
Activating conda environment: ../../../../localscratch/.cache/autoafids/conda/9b0ebefefdaf8f4c3064162c9af16ee6_
[Mon Aug 17 11:43:22 2026]
Finished jobid: 125 (Rule: norm_im)
20 of 158 steps (13%) done
Execute 1 jobs...
[Mon Aug 17 11:43:23 2026]
localrule norm_im:
    input: work/sub-P352/ses-preop/n4biascorr/sub-P352_ses-preop_acq-ax_run-01_desc-n4corrected_T1w.nii.gz
    output: work/sub-P352/ses-preop/normalize/sub-P352_ses-preop_acq-ax_run-01_desc-zscore_T1w.nii.gz
    jobid: 100
    reason: Missing output files: work/sub-P352/ses-preop/normalize/sub-P352_ses-preop_acq-ax_run-01_desc-zscore_T1w.nii.gz; Input files updated by another job: work/sub-P352/ses-preop/n4biascorr/sub-P352_ses-preop_acq-ax_run-01_desc-n4corrected_T1w.nii.gz
    wildcards: subject=P352, session=preop, acq=ax, run=01
    resources: tmpdir=/localscratch/tmp
Activating conda environment: ../../../../localscratch/.cache/autoafids/conda/9b0ebefefdaf8f4c3064162c9af16ee6_
Select jobs to execute...
[Mon Aug 17 11:43:27 2026]
Finished jobid: 69 (Rule: resample_im)
21 of 158 steps (13%) done
Execute 1 jobs...
[Mon Aug 17 11:43:27 2026]
localrule norm_im:
    input: work/sub-P175/ses-preop/n4biascorr/sub-P175_ses-preop_acq-ax_run-01_desc-n4corrected_T1w.nii.gz
    output: work/sub-P175/ses-preop/normalize/sub-P175_ses-preop_acq-ax_run-01_desc-zscore_T1w.nii.gz
    jobid: 15
    reason: Missing output files: work/sub-P175/ses-preop/normalize/sub-P175_ses-preop_acq-ax_run-01_desc-zscore_T1w.nii.gz; Input files updated by another job: work/sub-P175/ses-preop/n4biascorr/sub-P175_ses-preop_acq-ax_run-01_desc-n4corrected_T1w.nii.gz
    wildcards: subject=P175, session=preop, acq=ax, run=01
    resources: tmpdir=/localscratch/tmp
Activating conda environment: ../../../../localscratch/.cache/autoafids/conda/9b0ebefefdaf8f4c3064162c9af16ee6_
Select jobs to execute...
Activating conda environment: ../../../../localscratch/.cache/autoafids/conda/9b0ebefefdaf8f4c3064162c9af16ee6_
Activating conda environment: ../../../../localscratch/.cache/autoafids/conda/9b0ebefefdaf8f4c3064162c9af16ee6_
[Mon Aug 17 11:44:03 2026]
Finished jobid: 15 (Rule: norm_im)
22 of 158 steps (14%) done
Execute 1 jobs...
[Mon Aug 17 11:44:03 2026]
localrule norm_im:
    input: work/sub-P350/ses-preop/n4biascorr/sub-P350_ses-preop_acq-ax_run-01_desc-n4corrected_T1w.nii.gz
    output: work/sub-P350/ses-preop/normalize/sub-P350_ses-preop_acq-ax_run-01_desc-zscore_T1w.nii.gz
    jobid: 95
    reason: Missing output files: work/sub-P350/ses-preop/normalize/sub-P350_ses-preop_acq-ax_run-01_desc-zscore_T1w.nii.gz; Input files updated by another job: work/sub-P350/ses-preop/n4biascorr/sub-P350_ses-preop_acq-ax_run-01_desc-n4corrected_T1w.nii.gz
    wildcards: subject=P350, session=preop, acq=ax, run=01
    resources: tmpdir=/localscratch/tmp
Activating conda environment: ../../../../localscratch/.cache/autoafids/conda/9b0ebefefdaf8f4c3064162c9af16ee6_
Select jobs to execute...
Activating conda environment: ../../../../localscratch/.cache/autoafids/conda/9b0ebefefdaf8f4c3064162c9af16ee6_
[Mon Aug 17 11:44:17 2026]
Finished jobid: 100 (Rule: norm_im)
23 of 158 steps (15%) done
Execute 1 jobs...
[Mon Aug 17 11:44:17 2026]
localrule norm_im:
    input: work/sub-P202/ses-preop/n4biascorr/sub-P202_ses-preop_acq-ax_run-01_desc-n4corrected_T1w.nii.gz
    output: work/sub-P202/ses-preop/normalize/sub-P202_ses-preop_acq-ax_run-01_desc-zscore_T1w.nii.gz
    jobid: 30
    reason: Missing output files: work/sub-P202/ses-preop/normalize/sub-P202_ses-preop_acq-ax_run-01_desc-zscore_T1w.nii.gz; Input files updated by another job: work/sub-P202/ses-preop/n4biascorr/sub-P202_ses-preop_acq-ax_run-01_desc-n4corrected_T1w.nii.gz
    wildcards: subject=P202, session=preop, acq=ax, run=01
    resources: tmpdir=/localscratch/tmp
Activating conda environment: ../../../../localscratch/.cache/autoafids/conda/9b0ebefefdaf8f4c3064162c9af16ee6_
Select jobs to execute...
Activating conda environment: ../../../../localscratch/.cache/autoafids/conda/9b0ebefefdaf8f4c3064162c9af16ee6_
[Mon Aug 17 11:44:47 2026]
Finished jobid: 95 (Rule: norm_im)
24 of 158 steps (15%) done
Execute 1 jobs...
[Mon Aug 17 11:44:48 2026]
localrule norm_im:
    input: work/sub-P193/ses-preop/n4biascorr/sub-P193_ses-preop_acq-ax_run-01_desc-n4corrected_T1w.nii.gz
    output: work/sub-P193/ses-preop/normalize/sub-P193_ses-preop_acq-ax_run-01_desc-zscore_T1w.nii.gz
    jobid: 25
    reason: Missing output files: work/sub-P193/ses-preop/normalize/sub-P193_ses-preop_acq-ax_run-01_desc-zscore_T1w.nii.gz; Input files updated by another job: work/sub-P193/ses-preop/n4biascorr/sub-P193_ses-preop_acq-ax_run-01_desc-n4corrected_T1w.nii.gz
    wildcards: subject=P193, session=preop, acq=ax, run=01
    resources: tmpdir=/localscratch/tmp
Activating conda environment: ../../../../localscratch/.cache/autoafids/conda/9b0ebefefdaf8f4c3064162c9af16ee6_
Select jobs to execute...
Activating conda environment: ../../../../localscratch/.cache/autoafids/conda/9b0ebefefdaf8f4c3064162c9af16ee6_
[Mon Aug 17 11:44:55 2026]
Finished jobid: 30 (Rule: norm_im)
25 of 158 steps (16%) done
Execute 1 jobs...
[Mon Aug 17 11:44:56 2026]
localrule norm_im:
    input: work/sub-P165/ses-preop/n4biascorr/sub-P165_ses-preop_acq-ax_run-01_desc-n4corrected_T1w.nii.gz
    output: work/sub-P165/ses-preop/normalize/sub-P165_ses-preop_acq-ax_run-01_desc-zscore_T1w.nii.gz
    jobid: 4
    reason: Missing output files: work/sub-P165/ses-preop/normalize/sub-P165_ses-preop_acq-ax_run-01_desc-zscore_T1w.nii.gz; Input files updated by another job: work/sub-P165/ses-preop/n4biascorr/sub-P165_ses-preop_acq-ax_run-01_desc-n4corrected_T1w.nii.gz
    wildcards: subject=P165, session=preop, acq=ax, run=01
    resources: tmpdir=/localscratch/tmp
Activating conda environment: ../../../../localscratch/.cache/autoafids/conda/9b0ebefefdaf8f4c3064162c9af16ee6_
Select jobs to execute...
Activating conda environment: ../../../../localscratch/.cache/autoafids/conda/9b0ebefefdaf8f4c3064162c9af16ee6_
[Mon Aug 17 11:45:23 2026]
Finished jobid: 25 (Rule: norm_im)
26 of 158 steps (16%) done
Execute 1 jobs...
[Mon Aug 17 11:45:23 2026]
localrule resample_im:
    input: work/sub-P193/ses-preop/normalize/sub-P193_ses-preop_acq-ax_run-01_desc-zscore_T1w.nii.gz
    output: work/sub-P193/ses-preop/resample/sub-P193_ses-preop_acq-ax_run-01_res-100_desc-zscore_T1w.nii.gz
    jobid: 24
    reason: Missing output files: work/sub-P193/ses-preop/resample/sub-P193_ses-preop_acq-ax_run-01_res-100_desc-zscore_T1w.nii.gz; Input files updated by another job: work/sub-P193/ses-preop/normalize/sub-P193_ses-preop_acq-ax_run-01_desc-zscore_T1w.nii.gz
    wildcards: subject=P193, session=preop, acq=ax, run=01
    resources: tmpdir=/localscratch/tmp
Activating conda environment: ../../../../localscratch/.cache/autoafids/conda/fd9ea35b16c4e2c41feeb821ac0ad38d_
Select jobs to execute...
Activating conda environment: ../../../../localscratch/.cache/autoafids/conda/fd9ea35b16c4e2c41feeb821ac0ad38d_
[Mon Aug 17 11:45:28 2026]
Finished jobid: 4 (Rule: norm_im)
27 of 158 steps (17%) done
Execute 1 jobs...
[Mon Aug 17 11:45:29 2026]
localrule resample_im:
    input: work/sub-P350/ses-preop/normalize/sub-P350_ses-preop_acq-ax_run-01_desc-zscore_T1w.nii.gz
    output: work/sub-P350/ses-preop/resample/sub-P350_ses-preop_acq-ax_run-01_res-100_desc-zscore_T1w.nii.gz
    jobid: 94
    reason: Missing output files: work/sub-P350/ses-preop/resample/sub-P350_ses-preop_acq-ax_run-01_res-100_desc-zscore_T1w.nii.gz; Input files updated by another job: work/sub-P350/ses-preop/normalize/sub-P350_ses-preop_acq-ax_run-01_desc-zscore_T1w.nii.gz
    wildcards: subject=P350, session=preop, acq=ax, run=01
    resources: tmpdir=/localscratch/tmp
Activating conda environment: ../../../../localscratch/.cache/autoafids/conda/fd9ea35b16c4e2c41feeb821ac0ad38d_
Select jobs to execute...
Activating conda environment: ../../../../localscratch/.cache/autoafids/conda/fd9ea35b16c4e2c41feeb821ac0ad38d_
[Mon Aug 17 11:46:02 2026]
Finished jobid: 81 (Rule: n4_bias_correction)
28 of 158 steps (18%) done
Execute 1 jobs...
[Mon Aug 17 11:46:02 2026]
localrule resample_im:
    input: work/sub-P165/ses-preop/normalize/sub-P165_ses-preop_acq-ax_run-01_desc-zscore_T1w.nii.gz
    output: work/sub-P165/ses-preop/resample/sub-P165_ses-preop_acq-ax_run-01_res-100_desc-zscore_T1w.nii.gz
    jobid: 3
    reason: Missing output files: work/sub-P165/ses-preop/resample/sub-P165_ses-preop_acq-ax_run-01_res-100_desc-zscore_T1w.nii.gz; Input files updated by another job: work/sub-P165/ses-preop/normalize/sub-P165_ses-preop_acq-ax_run-01_desc-zscore_T1w.nii.gz
    wildcards: subject=P165, session=preop, acq=ax, run=01
    resources: tmpdir=/localscratch/tmp
Select jobs to execute...
Activating conda environment: ../../../../localscratch/.cache/autoafids/conda/fd9ea35b16c4e2c41feeb821ac0ad38d_
[Mon Aug 17 11:46:03 2026]
Finished jobid: 66 (Rule: n4_bias_correction)
29 of 158 steps (18%) done
Execute 1 jobs...
[Mon Aug 17 11:46:03 2026]
localrule norm_im:
    input: work/sub-P293/ses-preop/n4biascorr/sub-P293_ses-preop_acq-ax_run-01_desc-n4corrected_T1w.nii.gz
    output: work/sub-P293/ses-preop/normalize/sub-P293_ses-preop_acq-ax_run-01_desc-zscore_T1w.nii.gz
    jobid: 80
    reason: Missing output files: work/sub-P293/ses-preop/normalize/sub-P293_ses-preop_acq-ax_run-01_desc-zscore_T1w.nii.gz; Input files updated by another job: work/sub-P293/ses-preop/n4biascorr/sub-P293_ses-preop_acq-ax_run-01_desc-n4corrected_T1w.nii.gz
    wildcards: subject=P293, session=preop, acq=ax, run=01
    resources: tmpdir=/localscratch/tmp
Activating conda environment: ../../../../localscratch/.cache/autoafids/conda/9b0ebefefdaf8f4c3064162c9af16ee6_
Select jobs to execute...
Activating conda environment: ../../../../localscratch/.cache/autoafids/conda/fd9ea35b16c4e2c41feeb821ac0ad38d_
[Mon Aug 17 11:46:06 2026]
Finished jobid: 111 (Rule: n4_bias_correction)
30 of 158 steps (19%) done
Execute 1 jobs...
[Mon Aug 17 11:46:07 2026]
localrule n4_bias_correction:
    input: /local/scratch/rawdata/sub-P367/ses-preop/anat/sub-P367_ses-preop_acq-ax_run-01_T1w.nii.gz
    output: work/sub-P367/ses-preop/n4biascorr/sub-P367_ses-preop_acq-ax_run-01_desc-n4corrected_T1w.nii.gz
    jobid: 121
    reason: Missing output files: work/sub-P367/ses-preop/n4biascorr/sub-P367_ses-preop_acq-ax_run-01_desc-n4corrected_T1w.nii.gz
    wildcards: subject=P367, session=preop, acq=ax, run=01
    resources: tmpdir=/localscratch/tmp
Activating conda environment: ../../../../localscratch/.cache/autoafids/conda/e8ff564ca4e208014aa4e977742ac559_
Select jobs to execute...
Activating conda environment: ../../../../localscratch/.cache/autoafids/conda/9b0ebefefdaf8f4c3064162c9af16ee6_
Activating conda environment: ../../../../localscratch/.cache/autoafids/conda/e8ff564ca4e208014aa4e977742ac559_
[Mon Aug 17 11:46:13 2026]
Finished jobid: 41 (Rule: n4_bias_correction)
31 of 158 steps (20%) done
Execute 1 jobs...
[Mon Aug 17 11:46:14 2026]
localrule norm_im:
    input: work/sub-P213/ses-preop/n4biascorr/sub-P213_ses-preop_acq-ax_run-01_desc-n4corrected_T1w.nii.gz
    output: work/sub-P213/ses-preop/normalize/sub-P213_ses-preop_acq-ax_run-01_desc-zscore_T1w.nii.gz
    jobid: 40
    reason: Missing output files: work/sub-P213/ses-preop/normalize/sub-P213_ses-preop_acq-ax_run-01_desc-zscore_T1w.nii.gz; Input files updated by another job: work/sub-P213/ses-preop/n4biascorr/sub-P213_ses-preop_acq-ax_run-01_desc-n4corrected_T1w.nii.gz
    wildcards: subject=P213, session=preop, acq=ax, run=01
    resources: tmpdir=/localscratch/tmp
Activating conda environment: ../../../../localscratch/.cache/autoafids/conda/9b0ebefefdaf8f4c3064162c9af16ee6_
Select jobs to execute...
Activating conda environment: ../../../../localscratch/.cache/autoafids/conda/9b0ebefefdaf8f4c3064162c9af16ee6_
[Mon Aug 17 11:46:35 2026]
Finished jobid: 40 (Rule: norm_im)
32 of 158 steps (20%) done
Execute 1 jobs...
[Mon Aug 17 11:46:35 2026]
localrule resample_im:
    input: work/sub-P213/ses-preop/normalize/sub-P213_ses-preop_acq-ax_run-01_desc-zscore_T1w.nii.gz
    output: work/sub-P213/ses-preop/resample/sub-P213_ses-preop_acq-ax_run-01_res-100_desc-zscore_T1w.nii.gz
    jobid: 39
    reason: Missing output files: work/sub-P213/ses-preop/resample/sub-P213_ses-preop_acq-ax_run-01_res-100_desc-zscore_T1w.nii.gz; Input files updated by another job: work/sub-P213/ses-preop/normalize/sub-P213_ses-preop_acq-ax_run-01_desc-zscore_T1w.nii.gz
    wildcards: subject=P213, session=preop, acq=ax, run=01
    resources: tmpdir=/localscratch/tmp
Activating conda environment: ../../../../localscratch/.cache/autoafids/conda/fd9ea35b16c4e2c41feeb821ac0ad38d_
Select jobs to execute...
Activating conda environment: ../../../../localscratch/.cache/autoafids/conda/fd9ea35b16c4e2c41feeb821ac0ad38d_
[Mon Aug 17 11:46:42 2026]
Finished jobid: 24 (Rule: resample_im)
33 of 158 steps (21%) done
Execute 1 jobs...
[Mon Aug 17 11:46:42 2026]
localrule resample_im:
    input: work/sub-P202/ses-preop/normalize/sub-P202_ses-preop_acq-ax_run-01_desc-zscore_T1w.nii.gz
    output: work/sub-P202/ses-preop/resample/sub-P202_ses-preop_acq-ax_run-01_res-100_desc-zscore_T1w.nii.gz
    jobid: 29
    reason: Missing output files: work/sub-P202/ses-preop/resample/sub-P202_ses-preop_acq-ax_run-01_res-100_desc-zscore_T1w.nii.gz; Input files updated by another job: work/sub-P202/ses-preop/normalize/sub-P202_ses-preop_acq-ax_run-01_desc-zscore_T1w.nii.gz
    wildcards: subject=P202, session=preop, acq=ax, run=01
    resources: tmpdir=/localscratch/tmp
Activating conda environment: ../../../../localscratch/.cache/autoafids/conda/fd9ea35b16c4e2c41feeb821ac0ad38d_
Select jobs to execute...
[Mon Aug 17 11:46:45 2026]
Finished jobid: 94 (Rule: resample_im)
34 of 158 steps (22%) done
Execute 1 jobs...
[Mon Aug 17 11:46:45 2026]
localrule norm_im:
    input: work/sub-P355/ses-preop/n4biascorr/sub-P355_ses-preop_acq-ax_run-01_desc-n4corrected_T1w.nii.gz
    output: work/sub-P355/ses-preop/normalize/sub-P355_ses-preop_acq-ax_run-01_desc-zscore_T1w.nii.gz
    jobid: 110
    reason: Missing output files: work/sub-P355/ses-preop/normalize/sub-P355_ses-preop_acq-ax_run-01_desc-zscore_T1w.nii.gz; Input files updated by another job: work/sub-P355/ses-preop/n4biascorr/sub-P355_ses-preop_acq-ax_run-01_desc-n4corrected_T1w.nii.gz
    wildcards: subject=P355, session=preop, acq=ax, run=01
    resources: tmpdir=/localscratch/tmp
Activating conda environment: ../../../../localscratch/.cache/autoafids/conda/9b0ebefefdaf8f4c3064162c9af16ee6_
Select jobs to execute...
Activating conda environment: ../../../../localscratch/.cache/autoafids/conda/fd9ea35b16c4e2c41feeb821ac0ad38d_
Activating conda environment: ../../../../localscratch/.cache/autoafids/conda/9b0ebefefdaf8f4c3064162c9af16ee6_
[Mon Aug 17 11:47:01 2026]
Finished jobid: 86 (Rule: n4_bias_correction)
35 of 158 steps (22%) done
Execute 1 jobs...
[Mon Aug 17 11:47:01 2026]
localrule resample_im:
    input: work/sub-P352/ses-preop/normalize/sub-P352_ses-preop_acq-ax_run-01_desc-zscore_T1w.nii.gz
    output: work/sub-P352/ses-preop/resample/sub-P352_ses-preop_acq-ax_run-01_res-100_desc-zscore_T1w.nii.gz
    jobid: 99
    reason: Missing output files: work/sub-P352/ses-preop/resample/sub-P352_ses-preop_acq-ax_run-01_res-100_desc-zscore_T1w.nii.gz; Input files updated by another job: work/sub-P352/ses-preop/normalize/sub-P352_ses-preop_acq-ax_run-01_desc-zscore_T1w.nii.gz
    wildcards: subject=P352, session=preop, acq=ax, run=01
    resources: tmpdir=/localscratch/tmp
Activating conda environment: ../../../../localscratch/.cache/autoafids/conda/fd9ea35b16c4e2c41feeb821ac0ad38d_
Select jobs to execute...
Activating conda environment: ../../../../localscratch/.cache/autoafids/conda/fd9ea35b16c4e2c41feeb821ac0ad38d_
[Mon Aug 17 11:47:16 2026]
Finished jobid: 3 (Rule: resample_im)
36 of 158 steps (23%) done
Execute 1 jobs...
[Mon Aug 17 11:47:16 2026]
localrule resample_im:
    input: work/sub-P205/ses-preop/normalize/sub-P205_ses-preop_acq-ax_run-01_desc-zscore_T1w.nii.gz
    output: work/sub-P205/ses-preop/resample/sub-P205_ses-preop_acq-ax_run-01_res-100_desc-zscore_T1w.nii.gz
    jobid: 34
    reason: Missing output files: work/sub-P205/ses-preop/resample/sub-P205_ses-preop_acq-ax_run-01_res-100_desc-zscore_T1w.nii.gz; Input files updated by another job: work/sub-P205/ses-preop/normalize/sub-P205_ses-preop_acq-ax_run-01_desc-zscore_T1w.nii.gz
    wildcards: subject=P205, session=preop, acq=ax, run=01
    resources: tmpdir=/localscratch/tmp
Select jobs to execute...
Activating conda environment: ../../../../localscratch/.cache/autoafids/conda/fd9ea35b16c4e2c41feeb821ac0ad38d_
Activating conda environment: ../../../../localscratch/.cache/autoafids/conda/fd9ea35b16c4e2c41feeb821ac0ad38d_
[Mon Aug 17 11:47:36 2026]
Finished jobid: 80 (Rule: norm_im)
37 of 158 steps (23%) done
Execute 1 jobs...
[Mon Aug 17 11:47:36 2026]
localrule resample_im:
    input: work/sub-P293/ses-preop/normalize/sub-P293_ses-preop_acq-ax_run-01_desc-zscore_T1w.nii.gz
    output: work/sub-P293/ses-preop/resample/sub-P293_ses-preop_acq-ax_run-01_res-100_desc-zscore_T1w.nii.gz
    jobid: 79
    reason: Missing output files: work/sub-P293/ses-preop/resample/sub-P293_ses-preop_acq-ax_run-01_res-100_desc-zscore_T1w.nii.gz; Input files updated by another job: work/sub-P293/ses-preop/normalize/sub-P293_ses-preop_acq-ax_run-01_desc-zscore_T1w.nii.gz
    wildcards: subject=P293, session=preop, acq=ax, run=01
    resources: tmpdir=/localscratch/tmp
Activating conda environment: ../../../../localscratch/.cache/autoafids/conda/fd9ea35b16c4e2c41feeb821ac0ad38d_
Select jobs to execute...
Activating conda environment: ../../../../localscratch/.cache/autoafids/conda/fd9ea35b16c4e2c41feeb821ac0ad38d_
[Mon Aug 17 11:47:49 2026]
Finished jobid: 39 (Rule: resample_im)
38 of 158 steps (24%) done
Execute 1 jobs...
[Mon Aug 17 11:47:49 2026]
localrule resample_im:
    input: work/sub-P214/ses-preop/normalize/sub-P214_ses-preop_acq-ax_run-01_desc-zscore_T1w.nii.gz
    output: work/sub-P214/ses-preop/resample/sub-P214_ses-preop_acq-ax_run-01_res-100_desc-zscore_T1w.nii.gz
    jobid: 44
    reason: Missing output files: work/sub-P214/ses-preop/resample/sub-P214_ses-preop_acq-ax_run-01_res-100_desc-zscore_T1w.nii.gz; Input files updated by another job: work/sub-P214/ses-preop/normalize/sub-P214_ses-preop_acq-ax_run-01_desc-zscore_T1w.nii.gz
    wildcards: subject=P214, session=preop, acq=ax, run=01
    resources: tmpdir=/localscratch/tmp
Select jobs to execute...
Activating conda environment: ../../../../localscratch/.cache/autoafids/conda/fd9ea35b16c4e2c41feeb821ac0ad38d_
Activating conda environment: ../../../../localscratch/.cache/autoafids/conda/fd9ea35b16c4e2c41feeb821ac0ad38d_
[Mon Aug 17 11:48:10 2026]
Finished jobid: 29 (Rule: resample_im)
39 of 158 steps (25%) done
Execute 1 jobs...
[Mon Aug 17 11:48:11 2026]
localrule norm_im:
    input: work/sub-P310/ses-preop/n4biascorr/sub-P310_ses-preop_acq-ax_run-01_desc-n4corrected_T1w.nii.gz
    output: work/sub-P310/ses-preop/normalize/sub-P310_ses-preop_acq-ax_run-01_desc-zscore_T1w.nii.gz
    jobid: 85
    reason: Missing output files: work/sub-P310/ses-preop/normalize/sub-P310_ses-preop_acq-ax_run-01_desc-zscore_T1w.nii.gz; Input files updated by another job: work/sub-P310/ses-preop/n4biascorr/sub-P310_ses-preop_acq-ax_run-01_desc-n4corrected_T1w.nii.gz
    wildcards: subject=P310, session=preop, acq=ax, run=01
    resources: tmpdir=/localscratch/tmp
Activating conda environment: ../../../../localscratch/.cache/autoafids/conda/9b0ebefefdaf8f4c3064162c9af16ee6_
Select jobs to execute...
[Mon Aug 17 11:48:13 2026]
Finished jobid: 99 (Rule: resample_im)
40 of 158 steps (25%) done
Execute 1 jobs...
[Mon Aug 17 11:48:13 2026]
localrule norm_im:
    input: work/sub-P221/ses-preop/n4biascorr/sub-P221_ses-preop_acq-ax_run-01_desc-n4corrected_T1w.nii.gz
    output: work/sub-P221/ses-preop/normalize/sub-P221_ses-preop_acq-ax_run-01_desc-zscore_T1w.nii.gz
    jobid: 50
    reason: Missing output files: work/sub-P221/ses-preop/normalize/sub-P221_ses-preop_acq-ax_run-01_desc-zscore_T1w.nii.gz; Input files updated by another job: work/sub-P221/ses-preop/n4biascorr/sub-P221_ses-preop_acq-ax_run-01_desc-n4corrected_T1w.nii.gz
    wildcards: subject=P221, session=preop, acq=ax, run=01
    resources: tmpdir=/localscratch/tmp
Select jobs to execute...
Activating conda environment: ../../../../localscratch/.cache/autoafids/conda/9b0ebefefdaf8f4c3064162c9af16ee6_
Activating conda environment: ../../../../localscratch/.cache/autoafids/conda/9b0ebefefdaf8f4c3064162c9af16ee6_
[Mon Aug 17 11:48:14 2026]
Finished jobid: 110 (Rule: norm_im)
41 of 158 steps (26%) done
Execute 1 jobs...
[Mon Aug 17 11:48:14 2026]
localrule resample_im:
    input: work/sub-P355/ses-preop/normalize/sub-P355_ses-preop_acq-ax_run-01_desc-zscore_T1w.nii.gz
    output: work/sub-P355/ses-preop/resample/sub-P355_ses-preop_acq-ax_run-01_res-100_desc-zscore_T1w.nii.gz
    jobid: 109
    reason: Missing output files: work/sub-P355/ses-preop/resample/sub-P355_ses-preop_acq-ax_run-01_res-100_desc-zscore_T1w.nii.gz; Input files updated by another job: work/sub-P355/ses-preop/normalize/sub-P355_ses-preop_acq-ax_run-01_desc-zscore_T1w.nii.gz
    wildcards: subject=P355, session=preop, acq=ax, run=01
    resources: tmpdir=/localscratch/tmp
Activating conda environment: ../../../../localscratch/.cache/autoafids/conda/fd9ea35b16c4e2c41feeb821ac0ad38d_
Select jobs to execute...
Activating conda environment: ../../../../localscratch/.cache/autoafids/conda/9b0ebefefdaf8f4c3064162c9af16ee6_
Activating conda environment: ../../../../localscratch/.cache/autoafids/conda/fd9ea35b16c4e2c41feeb821ac0ad38d_
[Mon Aug 17 11:48:21 2026]
Finished jobid: 116 (Rule: n4_bias_correction)
42 of 158 steps (27%) done
Execute 1 jobs...
[Mon Aug 17 11:48:21 2026]
localrule norm_im:
    input: work/sub-P359/ses-preop/n4biascorr/sub-P359_ses-preop_acq-ax_run-01_desc-n4corrected_T1w.nii.gz
    output: work/sub-P359/ses-preop/normalize/sub-P359_ses-preop_acq-ax_run-01_desc-zscore_T1w.nii.gz
    jobid: 115
    reason: Missing output files: work/sub-P359/ses-preop/normalize/sub-P359_ses-preop_acq-ax_run-01_desc-zscore_T1w.nii.gz; Input files updated by another job: work/sub-P359/ses-preop/n4biascorr/sub-P359_ses-preop_acq-ax_run-01_desc-n4corrected_T1w.nii.gz
    wildcards: subject=P359, session=preop, acq=ax, run=01
    resources: tmpdir=/localscratch/tmp
Activating conda environment: ../../../../localscratch/.cache/autoafids/conda/9b0ebefefdaf8f4c3064162c9af16ee6_
Select jobs to execute...
[Mon Aug 17 11:48:21 2026]
Finished jobid: 34 (Rule: resample_im)
43 of 158 steps (27%) done
Execute 1 jobs...
[Mon Aug 17 11:48:21 2026]
localrule n4_bias_correction:
    input: /local/scratch/rawdata/sub-P328/ses-preop/anat/sub-P328_ses-preop_acq-ax_run-01_T1w.nii.gz
    output: work/sub-P328/ses-preop/n4biascorr/sub-P328_ses-preop_acq-ax_run-01_desc-n4corrected_T1w.nii.gz
    jobid: 91
    reason: Missing output files: work/sub-P328/ses-preop/n4biascorr/sub-P328_ses-preop_acq-ax_run-01_desc-n4corrected_T1w.nii.gz
    wildcards: subject=P328, session=preop, acq=ax, run=01
    resources: tmpdir=/localscratch/tmp
Select jobs to execute...
Activating conda environment: ../../../../localscratch/.cache/autoafids/conda/e8ff564ca4e208014aa4e977742ac559_
Activating conda environment: ../../../../localscratch/.cache/autoafids/conda/9b0ebefefdaf8f4c3064162c9af16ee6_
Activating conda environment: ../../../../localscratch/.cache/autoafids/conda/e8ff564ca4e208014aa4e977742ac559_
[Mon Aug 17 11:48:31 2026]
Finished jobid: 50 (Rule: norm_im)
44 of 158 steps (28%) done
Execute 1 jobs...
[Mon Aug 17 11:48:31 2026]
localrule resample_im:
    input: work/sub-P221/ses-preop/normalize/sub-P221_ses-preop_acq-ax_run-01_desc-zscore_T1w.nii.gz
    output: work/sub-P221/ses-preop/resample/sub-P221_ses-preop_acq-ax_run-01_res-100_desc-zscore_T1w.nii.gz
    jobid: 49
    reason: Missing output files: work/sub-P221/ses-preop/resample/sub-P221_ses-preop_acq-ax_run-01_res-100_desc-zscore_T1w.nii.gz; Input files updated by another job: work/sub-P221/ses-preop/normalize/sub-P221_ses-preop_acq-ax_run-01_desc-zscore_T1w.nii.gz
    wildcards: subject=P221, session=preop, acq=ax, run=01
    resources: tmpdir=/localscratch/tmp
Activating conda environment: ../../../../localscratch/.cache/autoafids/conda/fd9ea35b16c4e2c41feeb821ac0ad38d_
Select jobs to execute...
Activating conda environment: ../../../../localscratch/.cache/autoafids/conda/fd9ea35b16c4e2c41feeb821ac0ad38d_
[Mon Aug 17 11:48:41 2026]
Finished jobid: 121 (Rule: n4_bias_correction)
45 of 158 steps (28%) done
Execute 1 jobs...
[Mon Aug 17 11:48:41 2026]
localrule norm_im:
    input: work/sub-P367/ses-preop/n4biascorr/sub-P367_ses-preop_acq-ax_run-01_desc-n4corrected_T1w.nii.gz
    output: work/sub-P367/ses-preop/normalize/sub-P367_ses-preop_acq-ax_run-01_desc-zscore_T1w.nii.gz
    jobid: 120
    reason: Missing output files: work/sub-P367/ses-preop/normalize/sub-P367_ses-preop_acq-ax_run-01_desc-zscore_T1w.nii.gz; Input files updated by another job: work/sub-P367/ses-preop/n4biascorr/sub-P367_ses-preop_acq-ax_run-01_desc-n4corrected_T1w.nii.gz
    wildcards: subject=P367, session=preop, acq=ax, run=01
    resources: tmpdir=/localscratch/tmp
Activating conda environment: ../../../../localscratch/.cache/autoafids/conda/9b0ebefefdaf8f4c3064162c9af16ee6_
Select jobs to execute...
[Mon Aug 17 11:48:42 2026]
Finished jobid: 76 (Rule: n4_bias_correction)
46 of 158 steps (29%) done
Execute 1 jobs...
[Mon Aug 17 11:48:42 2026]
localrule norm_im:
    input: work/sub-P292/ses-preop/n4biascorr/sub-P292_ses-preop_acq-ax_run-01_desc-n4corrected_T1w.nii.gz
    output: work/sub-P292/ses-preop/normalize/sub-P292_ses-preop_acq-ax_run-01_desc-zscore_T1w.nii.gz
    jobid: 75
    reason: Missing output files: work/sub-P292/ses-preop/normalize/sub-P292_ses-preop_acq-ax_run-01_desc-zscore_T1w.nii.gz; Input files updated by another job: work/sub-P292/ses-preop/n4biascorr/sub-P292_ses-preop_acq-ax_run-01_desc-n4corrected_T1w.nii.gz
    wildcards: subject=P292, session=preop, acq=ax, run=01
    resources: tmpdir=/localscratch/tmp
Select jobs to execute...
Activating conda environment: ../../../../localscratch/.cache/autoafids/conda/9b0ebefefdaf8f4c3064162c9af16ee6_
Activating conda environment: ../../../../localscratch/.cache/autoafids/conda/9b0ebefefdaf8f4c3064162c9af16ee6_
Activating conda environment: ../../../../localscratch/.cache/autoafids/conda/9b0ebefefdaf8f4c3064162c9af16ee6_
[Mon Aug 17 11:48:45 2026]
Finished jobid: 44 (Rule: resample_im)
47 of 158 steps (30%) done
Execute 1 jobs...
[Mon Aug 17 11:48:45 2026]
localrule resample_im:
    input: work/sub-P369/ses-preop/normalize/sub-P369_ses-preop_acq-ax_run-01_desc-zscore_T1w.nii.gz
    output: work/sub-P369/ses-preop/resample/sub-P369_ses-preop_acq-ax_run-01_res-100_desc-zscore_T1w.nii.gz
    jobid: 124
    reason: Missing output files: work/sub-P369/ses-preop/resample/sub-P369_ses-preop_acq-ax_run-01_res-100_desc-zscore_T1w.nii.gz; Input files updated by another job: work/sub-P369/ses-preop/normalize/sub-P369_ses-preop_acq-ax_run-01_desc-zscore_T1w.nii.gz
    wildcards: subject=P369, session=preop, acq=ax, run=01
    resources: tmpdir=/localscratch/tmp
Select jobs to execute...
Activating conda environment: ../../../../localscratch/.cache/autoafids/conda/fd9ea35b16c4e2c41feeb821ac0ad38d_
Activating conda environment: ../../../../localscratch/.cache/autoafids/conda/fd9ea35b16c4e2c41feeb821ac0ad38d_
[Mon Aug 17 11:48:57 2026]
Finished jobid: 120 (Rule: norm_im)
48 of 158 steps (30%) done
Execute 1 jobs...
[Mon Aug 17 11:48:57 2026]
localrule norm_im:
    input: work/sub-P167/ses-preop/n4biascorr/sub-P167_ses-preop_acq-ax_run-01_desc-n4corrected_T1w.nii.gz
    output: work/sub-P167/ses-preop/normalize/sub-P167_ses-preop_acq-ax_run-01_desc-zscore_T1w.nii.gz
    jobid: 10
    reason: Missing output files: work/sub-P167/ses-preop/normalize/sub-P167_ses-preop_acq-ax_run-01_desc-zscore_T1w.nii.gz; Input files updated by another job: work/sub-P167/ses-preop/n4biascorr/sub-P167_ses-preop_acq-ax_run-01_desc-n4corrected_T1w.nii.gz
    wildcards: subject=P167, session=preop, acq=ax, run=01
    resources: tmpdir=/localscratch/tmp
Select jobs to execute...
Activating conda environment: ../../../../localscratch/.cache/autoafids/conda/9b0ebefefdaf8f4c3064162c9af16ee6_
Activating conda environment: ../../../../localscratch/.cache/autoafids/conda/9b0ebefefdaf8f4c3064162c9af16ee6_
[Mon Aug 17 11:49:05 2026]
Finished jobid: 79 (Rule: resample_im)
49 of 158 steps (31%) done
Execute 1 jobs...
[Mon Aug 17 11:49:05 2026]
localrule n4_bias_correction:
    input: /local/scratch/rawdata/sub-P256/ses-preop/anat/sub-P256_ses-preop_acq-ax_run-01_T1w.nii.gz
    output: work/sub-P256/ses-preop/n4biascorr/sub-P256_ses-preop_acq-ax_run-01_desc-n4corrected_T1w.nii.gz
    jobid: 56
    reason: Missing output files: work/sub-P256/ses-preop/n4biascorr/sub-P256_ses-preop_acq-ax_run-01_desc-n4corrected_T1w.nii.gz
    wildcards: subject=P256, session=preop, acq=ax, run=01
    resources: tmpdir=/localscratch/tmp
Select jobs to execute...
Activating conda environment: ../../../../localscratch/.cache/autoafids/conda/e8ff564ca4e208014aa4e977742ac559_
[Mon Aug 17 11:49:06 2026]
Finished jobid: 106 (Rule: n4_bias_correction)
50 of 158 steps (32%) done
Execute 1 jobs...
[Mon Aug 17 11:49:06 2026]
localrule resample_im:
    input: work/sub-P175/ses-preop/normalize/sub-P175_ses-preop_acq-ax_run-01_desc-zscore_T1w.nii.gz
    output: work/sub-P175/ses-preop/resample/sub-P175_ses-preop_acq-ax_run-01_res-100_desc-zscore_T1w.nii.gz
    jobid: 14
    reason: Missing output files: work/sub-P175/ses-preop/resample/sub-P175_ses-preop_acq-ax_run-01_res-100_desc-zscore_T1w.nii.gz; Input files updated by another job: work/sub-P175/ses-preop/normalize/sub-P175_ses-preop_acq-ax_run-01_desc-zscore_T1w.nii.gz
    wildcards: subject=P175, session=preop, acq=ax, run=01
    resources: tmpdir=/localscratch/tmp
Activating conda environment: ../../../../localscratch/.cache/autoafids/conda/fd9ea35b16c4e2c41feeb821ac0ad38d_
Select jobs to execute...
Activating conda environment: ../../../../localscratch/.cache/autoafids/conda/e8ff564ca4e208014aa4e977742ac559_
Activating conda environment: ../../../../localscratch/.cache/autoafids/conda/fd9ea35b16c4e2c41feeb821ac0ad38d_
[Mon Aug 17 11:49:09 2026]
Finished jobid: 10 (Rule: norm_im)
51 of 158 steps (32%) done
Execute 1 jobs...
[Mon Aug 17 11:49:09 2026]
localrule resample_im:
    input: work/sub-P167/ses-preop/normalize/sub-P167_ses-preop_acq-ax_run-01_desc-zscore_T1w.nii.gz
    output: work/sub-P167/ses-preop/resample/sub-P167_ses-preop_acq-ax_run-01_res-100_desc-zscore_T1w.nii.gz
    jobid: 9
    reason: Missing output files: work/sub-P167/ses-preop/resample/sub-P167_ses-preop_acq-ax_run-01_res-100_desc-zscore_T1w.nii.gz; Input files updated by another job: work/sub-P167/ses-preop/normalize/sub-P167_ses-preop_acq-ax_run-01_desc-zscore_T1w.nii.gz
    wildcards: subject=P167, session=preop, acq=ax, run=01
    resources: tmpdir=/localscratch/tmp
Select jobs to execute...
Activating conda environment: ../../../../localscratch/.cache/autoafids/conda/fd9ea35b16c4e2c41feeb821ac0ad38d_
Activating conda environment: ../../../../localscratch/.cache/autoafids/conda/fd9ea35b16c4e2c41feeb821ac0ad38d_
[Mon Aug 17 11:49:16 2026]
Finished jobid: 85 (Rule: norm_im)
52 of 158 steps (33%) done
Execute 1 jobs...
[Mon Aug 17 11:49:16 2026]
localrule resample_im:
    input: work/sub-P310/ses-preop/normalize/sub-P310_ses-preop_acq-ax_run-01_desc-zscore_T1w.nii.gz
    output: work/sub-P310/ses-preop/resample/sub-P310_ses-preop_acq-ax_run-01_res-100_desc-zscore_T1w.nii.gz
    jobid: 84
    reason: Missing output files: work/sub-P310/ses-preop/resample/sub-P310_ses-preop_acq-ax_run-01_res-100_desc-zscore_T1w.nii.gz; Input files updated by another job: work/sub-P310/ses-preop/normalize/sub-P310_ses-preop_acq-ax_run-01_desc-zscore_T1w.nii.gz
    wildcards: subject=P310, session=preop, acq=ax, run=01
    resources: tmpdir=/localscratch/tmp
Activating conda environment: ../../../../localscratch/.cache/autoafids/conda/fd9ea35b16c4e2c41feeb821ac0ad38d_
Select jobs to execute...
Activating conda environment: ../../../../localscratch/.cache/autoafids/conda/fd9ea35b16c4e2c41feeb821ac0ad38d_
[Mon Aug 17 11:49:21 2026]
Finished jobid: 115 (Rule: norm_im)
53 of 158 steps (34%) done
Execute 1 jobs...
[Mon Aug 17 11:49:21 2026]
localrule resample_im:
    input: work/sub-P359/ses-preop/normalize/sub-P359_ses-preop_acq-ax_run-01_desc-zscore_T1w.nii.gz
    output: work/sub-P359/ses-preop/resample/sub-P359_ses-preop_acq-ax_run-01_res-100_desc-zscore_T1w.nii.gz
    jobid: 114
    reason: Missing output files: work/sub-P359/ses-preop/resample/sub-P359_ses-preop_acq-ax_run-01_res-100_desc-zscore_T1w.nii.gz; Input files updated by another job: work/sub-P359/ses-preop/normalize/sub-P359_ses-preop_acq-ax_run-01_desc-zscore_T1w.nii.gz
    wildcards: subject=P359, session=preop, acq=ax, run=01
    resources: tmpdir=/localscratch/tmp
Activating conda environment: ../../../../localscratch/.cache/autoafids/conda/fd9ea35b16c4e2c41feeb821ac0ad38d_
Select jobs to execute...
Activating conda environment: ../../../../localscratch/.cache/autoafids/conda/fd9ea35b16c4e2c41feeb821ac0ad38d_
[Mon Aug 17 11:49:26 2026]
Finished jobid: 49 (Rule: resample_im)
54 of 158 steps (34%) done
Execute 1 jobs...
[Mon Aug 17 11:49:26 2026]
localrule resample_im:
    input: work/sub-P367/ses-preop/normalize/sub-P367_ses-preop_acq-ax_run-01_desc-zscore_T1w.nii.gz
    output: work/sub-P367/ses-preop/resample/sub-P367_ses-preop_acq-ax_run-01_res-100_desc-zscore_T1w.nii.gz
    jobid: 119
    reason: Missing output files: work/sub-P367/ses-preop/resample/sub-P367_ses-preop_acq-ax_run-01_res-100_desc-zscore_T1w.nii.gz; Input files updated by another job: work/sub-P367/ses-preop/normalize/sub-P367_ses-preop_acq-ax_run-01_desc-zscore_T1w.nii.gz
    wildcards: subject=P367, session=preop, acq=ax, run=01
    resources: tmpdir=/localscratch/tmp
Activating conda environment: ../../../../localscratch/.cache/autoafids/conda/fd9ea35b16c4e2c41feeb821ac0ad38d_
Select jobs to execute...
Activating conda environment: ../../../../localscratch/.cache/autoafids/conda/fd9ea35b16c4e2c41feeb821ac0ad38d_
[Mon Aug 17 11:49:30 2026]
Finished jobid: 124 (Rule: resample_im)
55 of 158 steps (35%) done
Execute 1 jobs...
[Mon Aug 17 11:49:30 2026]
localrule norm_im:
    input: work/sub-P353/ses-preop/n4biascorr/sub-P353_ses-preop_acq-ax_run-01_desc-n4corrected_T1w.nii.gz
    output: work/sub-P353/ses-preop/normalize/sub-P353_ses-preop_acq-ax_run-01_desc-zscore_T1w.nii.gz
    jobid: 105
    reason: Missing output files: work/sub-P353/ses-preop/normalize/sub-P353_ses-preop_acq-ax_run-01_desc-zscore_T1w.nii.gz; Input files updated by another job: work/sub-P353/ses-preop/n4biascorr/sub-P353_ses-preop_acq-ax_run-01_desc-n4corrected_T1w.nii.gz
    wildcards: subject=P353, session=preop, acq=ax, run=01
    resources: tmpdir=/localscratch/tmp
Activating conda environment: ../../../../localscratch/.cache/autoafids/conda/9b0ebefefdaf8f4c3064162c9af16ee6_
Select jobs to execute...
Activating conda environment: ../../../../localscratch/.cache/autoafids/conda/9b0ebefefdaf8f4c3064162c9af16ee6_
[Mon Aug 17 11:49:42 2026]
Finished jobid: 109 (Rule: resample_im)
56 of 158 steps (35%) done
Execute 1 jobs...
[Mon Aug 17 11:49:43 2026]
localrule norm_im:
    input: work/sub-P281/ses-preop/n4biascorr/sub-P281_ses-preop_acq-ax_run-01_desc-n4corrected_T1w.nii.gz
    output: work/sub-P281/ses-preop/normalize/sub-P281_ses-preop_acq-ax_run-01_desc-zscore_T1w.nii.gz
    jobid: 65
    reason: Missing output files: work/sub-P281/ses-preop/normalize/sub-P281_ses-preop_acq-ax_run-01_desc-zscore_T1w.nii.gz; Input files updated by another job: work/sub-P281/ses-preop/n4biascorr/sub-P281_ses-preop_acq-ax_run-01_desc-n4corrected_T1w.nii.gz
    wildcards: subject=P281, session=preop, acq=ax, run=01
    resources: tmpdir=/localscratch/tmp
Activating conda environment: ../../../../localscratch/.cache/autoafids/conda/9b0ebefefdaf8f4c3064162c9af16ee6_
Select jobs to execute...
Activating conda environment: ../../../../localscratch/.cache/autoafids/conda/9b0ebefefdaf8f4c3064162c9af16ee6_
[Mon Aug 17 11:49:53 2026]
Finished jobid: 14 (Rule: resample_im)
57 of 158 steps (36%) done
[Mon Aug 17 11:49:57 2026]
Finished jobid: 75 (Rule: norm_im)
58 of 158 steps (37%) done
Execute 1 jobs...
[Mon Aug 17 11:49:58 2026]
localrule resample_im:
    input: work/sub-P292/ses-preop/normalize/sub-P292_ses-preop_acq-ax_run-01_desc-zscore_T1w.nii.gz
    output: work/sub-P292/ses-preop/resample/sub-P292_ses-preop_acq-ax_run-01_res-100_desc-zscore_T1w.nii.gz
    jobid: 74
    reason: Missing output files: work/sub-P292/ses-preop/resample/sub-P292_ses-preop_acq-ax_run-01_res-100_desc-zscore_T1w.nii.gz; Input files updated by another job: work/sub-P292/ses-preop/normalize/sub-P292_ses-preop_acq-ax_run-01_desc-zscore_T1w.nii.gz
    wildcards: subject=P292, session=preop, acq=ax, run=01
    resources: tmpdir=/localscratch/tmp
Activating conda environment: ../../../../localscratch/.cache/autoafids/conda/fd9ea35b16c4e2c41feeb821ac0ad38d_
Select jobs to execute...
Activating conda environment: ../../../../localscratch/.cache/autoafids/conda/fd9ea35b16c4e2c41feeb821ac0ad38d_
[Mon Aug 17 11:50:00 2026]
Finished jobid: 9 (Rule: resample_im)
59 of 158 steps (37%) done
[Mon Aug 17 11:50:12 2026]
Finished jobid: 91 (Rule: n4_bias_correction)
60 of 158 steps (38%) done
Execute 1 jobs...
[Mon Aug 17 11:50:12 2026]
localrule norm_im:
    input: work/sub-P328/ses-preop/n4biascorr/sub-P328_ses-preop_acq-ax_run-01_desc-n4corrected_T1w.nii.gz
    output: work/sub-P328/ses-preop/normalize/sub-P328_ses-preop_acq-ax_run-01_desc-zscore_T1w.nii.gz
    jobid: 90
    reason: Missing output files: work/sub-P328/ses-preop/normalize/sub-P328_ses-preop_acq-ax_run-01_desc-zscore_T1w.nii.gz; Input files updated by another job: work/sub-P328/ses-preop/n4biascorr/sub-P328_ses-preop_acq-ax_run-01_desc-n4corrected_T1w.nii.gz
    wildcards: subject=P328, session=preop, acq=ax, run=01
    resources: tmpdir=/localscratch/tmp
Activating conda environment: ../../../../localscratch/.cache/autoafids/conda/9b0ebefefdaf8f4c3064162c9af16ee6_
Select jobs to execute...
Activating conda environment: ../../../../localscratch/.cache/autoafids/conda/9b0ebefefdaf8f4c3064162c9af16ee6_
[Mon Aug 17 11:50:15 2026]
Finished jobid: 105 (Rule: norm_im)
61 of 158 steps (39%) done
Execute 1 jobs...
[Mon Aug 17 11:50:15 2026]
localrule resample_im:
    input: work/sub-P353/ses-preop/normalize/sub-P353_ses-preop_acq-ax_run-01_desc-zscore_T1w.nii.gz
    output: work/sub-P353/ses-preop/resample/sub-P353_ses-preop_acq-ax_run-01_res-100_desc-zscore_T1w.nii.gz
    jobid: 104
    reason: Missing output files: work/sub-P353/ses-preop/resample/sub-P353_ses-preop_acq-ax_run-01_res-100_desc-zscore_T1w.nii.gz; Input files updated by another job: work/sub-P353/ses-preop/normalize/sub-P353_ses-preop_acq-ax_run-01_desc-zscore_T1w.nii.gz
    wildcards: subject=P353, session=preop, acq=ax, run=01
    resources: tmpdir=/localscratch/tmp
Select jobs to execute...
Activating conda environment: ../../../../localscratch/.cache/autoafids/conda/fd9ea35b16c4e2c41feeb821ac0ad38d_
[Mon Aug 17 11:50:16 2026]
Finished jobid: 119 (Rule: resample_im)
62 of 158 steps (39%) done
Activating conda environment: ../../../../localscratch/.cache/autoafids/conda/fd9ea35b16c4e2c41feeb821ac0ad38d_
[Mon Aug 17 11:50:19 2026]
Finished jobid: 61 (Rule: n4_bias_correction)
63 of 158 steps (40%) done
Execute 1 jobs...
[Mon Aug 17 11:50:19 2026]
localrule run_nnlm:
    input: work/sub-P214/ses-preop/resample/sub-P214_ses-preop_acq-ax_run-01_res-100_desc-zscore_T1w.nii.gz, /localscratch/.cache/autoafids/models/nnlm
    output: work/sub-P214/ses-preop/afids-nnlm/sub-P214_ses-preop_acq-ax_run-01_dseg.nii.gz, work/sub-P214/ses-preop/afids-nnlm/sub-P214_ses-preop_acq-ax_run-01_coords.json
    log: logs/sub-P214/ses-preop/sub-P214_ses-preop_acq-ax_run-01_nnlm.log
    jobid: 43
    reason: Missing output files: work/sub-P214/ses-preop/afids-nnlm/sub-P214_ses-preop_acq-ax_run-01_coords.json; Input files updated by another job: /localscratch/.cache/autoafids/models/nnlm, work/sub-P214/ses-preop/resample/sub-P214_ses-preop_acq-ax_run-01_res-100_desc-zscore_T1w.nii.gz
    wildcards: subject=P214, session=preop, acq=ax, run=01
    threads: 4
    resources: tmpdir=/localscratch/tmp, gpus=0, mem_mb=16000, mem_mib=15259
Select jobs to execute...
Activating conda environment: ../../../../localscratch/.cache/autoafids/conda/6ee0e8c060cc6e84267c0f99faf11702_
[Mon Aug 17 11:50:22 2026]
Finished jobid: 90 (Rule: norm_im)
64 of 158 steps (41%) done
Execute 1 jobs...
[Mon Aug 17 11:50:22 2026]
localrule resample_im:
    input: work/sub-P328/ses-preop/normalize/sub-P328_ses-preop_acq-ax_run-01_desc-zscore_T1w.nii.gz
    output: work/sub-P328/ses-preop/resample/sub-P328_ses-preop_acq-ax_run-01_res-100_desc-zscore_T1w.nii.gz
    jobid: 89
    reason: Missing output files: work/sub-P328/ses-preop/resample/sub-P328_ses-preop_acq-ax_run-01_res-100_desc-zscore_T1w.nii.gz; Input files updated by another job: work/sub-P328/ses-preop/normalize/sub-P328_ses-preop_acq-ax_run-01_desc-zscore_T1w.nii.gz
    wildcards: subject=P328, session=preop, acq=ax, run=01
    resources: tmpdir=/localscratch/tmp
Select jobs to execute...
Activating conda environment: ../../../../localscratch/.cache/autoafids/conda/fd9ea35b16c4e2c41feeb821ac0ad38d_
Activating conda environment: ../../../../localscratch/.cache/autoafids/conda/fd9ea35b16c4e2c41feeb821ac0ad38d_
[Mon Aug 17 11:50:27 2026]
Finished jobid: 65 (Rule: norm_im)
65 of 158 steps (41%) done
Execute 1 jobs...
[Mon Aug 17 11:50:28 2026]
localrule resample_im:
    input: work/sub-P281/ses-preop/normalize/sub-P281_ses-preop_acq-ax_run-01_desc-zscore_T1w.nii.gz
    output: work/sub-P281/ses-preop/resample/sub-P281_ses-preop_acq-ax_run-01_res-100_desc-zscore_T1w.nii.gz
    jobid: 64
    reason: Missing output files: work/sub-P281/ses-preop/resample/sub-P281_ses-preop_acq-ax_run-01_res-100_desc-zscore_T1w.nii.gz; Input files updated by another job: work/sub-P281/ses-preop/normalize/sub-P281_ses-preop_acq-ax_run-01_desc-zscore_T1w.nii.gz
    wildcards: subject=P281, session=preop, acq=ax, run=01
    resources: tmpdir=/localscratch/tmp
Activating conda environment: ../../../../localscratch/.cache/autoafids/conda/fd9ea35b16c4e2c41feeb821ac0ad38d_
Select jobs to execute...
[Mon Aug 17 11:50:29 2026]
Finished jobid: 84 (Rule: resample_im)
66 of 158 steps (42%) done
Activating conda environment: ../../../../localscratch/.cache/autoafids/conda/fd9ea35b16c4e2c41feeb821ac0ad38d_
Execute 1 jobs...
[Mon Aug 17 11:50:29 2026]
localrule norm_im:
    input: work/sub-P277/ses-preop/n4biascorr/sub-P277_ses-preop_acq-ax_run-01_desc-n4corrected_T1w.nii.gz
    output: work/sub-P277/ses-preop/normalize/sub-P277_ses-preop_acq-ax_run-01_desc-zscore_T1w.nii.gz
    jobid: 60
    reason: Missing output files: work/sub-P277/ses-preop/normalize/sub-P277_ses-preop_acq-ax_run-01_desc-zscore_T1w.nii.gz; Input files updated by another job: work/sub-P277/ses-preop/n4biascorr/sub-P277_ses-preop_acq-ax_run-01_desc-n4corrected_T1w.nii.gz
    wildcards: subject=P277, session=preop, acq=ax, run=01
    resources: tmpdir=/localscratch/tmp
Activating conda environment: ../../../../localscratch/.cache/autoafids/conda/9b0ebefefdaf8f4c3064162c9af16ee6_
Select jobs to execute...
Activating conda environment: ../../../../localscratch/.cache/autoafids/conda/9b0ebefefdaf8f4c3064162c9af16ee6_
[Mon Aug 17 11:50:34 2026]
Finished jobid: 114 (Rule: resample_im)
67 of 158 steps (42%) done
[Mon Aug 17 11:50:36 2026]
Finished jobid: 131 (Rule: n4_bias_correction)
68 of 158 steps (43%) done
Execute 1 jobs...
[Mon Aug 17 11:50:36 2026]
localrule norm_im:
    input: work/sub-P374/ses-preop/n4biascorr/sub-P374_ses-preop_acq-ax_run-01_desc-n4corrected_T1w.nii.gz
    output: work/sub-P374/ses-preop/normalize/sub-P374_ses-preop_acq-ax_run-01_desc-zscore_T1w.nii.gz
    jobid: 130
    reason: Missing output files: work/sub-P374/ses-preop/normalize/sub-P374_ses-preop_acq-ax_run-01_desc-zscore_T1w.nii.gz; Input files updated by another job: work/sub-P374/ses-preop/n4biascorr/sub-P374_ses-preop_acq-ax_run-01_desc-n4corrected_T1w.nii.gz
    wildcards: subject=P374, session=preop, acq=ax, run=01
    resources: tmpdir=/localscratch/tmp
Activating conda environment: ../../../../localscratch/.cache/autoafids/conda/9b0ebefefdaf8f4c3064162c9af16ee6_
Select jobs to execute...
Activating conda environment: ../../../../localscratch/.cache/autoafids/conda/9b0ebefefdaf8f4c3064162c9af16ee6_
[Mon Aug 17 11:50:42 2026]
Finished jobid: 104 (Rule: resample_im)
69 of 158 steps (44%) done
[Mon Aug 17 11:50:43 2026]
Finished jobid: 56 (Rule: n4_bias_correction)
70 of 158 steps (44%) done
Execute 1 jobs...
[Mon Aug 17 11:50:44 2026]
localrule norm_im:
    input: work/sub-P256/ses-preop/n4biascorr/sub-P256_ses-preop_acq-ax_run-01_desc-n4corrected_T1w.nii.gz
    output: work/sub-P256/ses-preop/normalize/sub-P256_ses-preop_acq-ax_run-01_desc-zscore_T1w.nii.gz
    jobid: 55
    reason: Missing output files: work/sub-P256/ses-preop/normalize/sub-P256_ses-preop_acq-ax_run-01_desc-zscore_T1w.nii.gz; Input files updated by another job: work/sub-P256/ses-preop/n4biascorr/sub-P256_ses-preop_acq-ax_run-01_desc-n4corrected_T1w.nii.gz
    wildcards: subject=P256, session=preop, acq=ax, run=01
    resources: tmpdir=/localscratch/tmp
Activating conda environment: ../../../../localscratch/.cache/autoafids/conda/9b0ebefefdaf8f4c3064162c9af16ee6_
Select jobs to execute...
Activating conda environment: ../../../../localscratch/.cache/autoafids/conda/9b0ebefefdaf8f4c3064162c9af16ee6_
[Mon Aug 17 11:50:45 2026]
Finished jobid: 89 (Rule: resample_im)
71 of 158 steps (45%) done
[Mon Aug 17 11:50:49 2026]
Finished jobid: 55 (Rule: norm_im)
72 of 158 steps (46%) done
Execute 1 jobs...
[Mon Aug 17 11:50:49 2026]
localrule run_nnlm:
    input: work/sub-P350/ses-preop/resample/sub-P350_ses-preop_acq-ax_run-01_res-100_desc-zscore_T1w.nii.gz, /localscratch/.cache/autoafids/models/nnlm
    output: work/sub-P350/ses-preop/afids-nnlm/sub-P350_ses-preop_acq-ax_run-01_dseg.nii.gz, work/sub-P350/ses-preop/afids-nnlm/sub-P350_ses-preop_acq-ax_run-01_coords.json
    log: logs/sub-P350/ses-preop/sub-P350_ses-preop_acq-ax_run-01_nnlm.log
    jobid: 93
    reason: Missing output files: work/sub-P350/ses-preop/afids-nnlm/sub-P350_ses-preop_acq-ax_run-01_coords.json; Input files updated by another job: /localscratch/.cache/autoafids/models/nnlm, work/sub-P350/ses-preop/resample/sub-P350_ses-preop_acq-ax_run-01_res-100_desc-zscore_T1w.nii.gz
    wildcards: subject=P350, session=preop, acq=ax, run=01
    threads: 4
    resources: tmpdir=/localscratch/tmp, gpus=0, mem_mb=16000, mem_mib=15259
Activating conda environment: ../../../../localscratch/.cache/autoafids/conda/6ee0e8c060cc6e84267c0f99faf11702_
Select jobs to execute...
[Mon Aug 17 11:50:52 2026]
Finished jobid: 74 (Rule: resample_im)
73 of 158 steps (46%) done
Execute 1 jobs...
[Mon Aug 17 11:50:52 2026]
localrule resample_im:
    input: work/sub-P256/ses-preop/normalize/sub-P256_ses-preop_acq-ax_run-01_desc-zscore_T1w.nii.gz
    output: work/sub-P256/ses-preop/resample/sub-P256_ses-preop_acq-ax_run-01_res-100_desc-zscore_T1w.nii.gz
    jobid: 54
    reason: Missing output files: work/sub-P256/ses-preop/resample/sub-P256_ses-preop_acq-ax_run-01_res-100_desc-zscore_T1w.nii.gz; Input files updated by another job: work/sub-P256/ses-preop/normalize/sub-P256_ses-preop_acq-ax_run-01_desc-zscore_T1w.nii.gz
    wildcards: subject=P256, session=preop, acq=ax, run=01
    resources: tmpdir=/localscratch/tmp
Select jobs to execute...
Activating conda environment: ../../../../localscratch/.cache/autoafids/conda/fd9ea35b16c4e2c41feeb821ac0ad38d_
[Mon Aug 17 11:50:52 2026]
Finished jobid: 60 (Rule: norm_im)
74 of 158 steps (47%) done
Execute 1 jobs...
[Mon Aug 17 11:50:52 2026]
localrule resample_im:
    input: work/sub-P277/ses-preop/normalize/sub-P277_ses-preop_acq-ax_run-01_desc-zscore_T1w.nii.gz
    output: work/sub-P277/ses-preop/resample/sub-P277_ses-preop_acq-ax_run-01_res-100_desc-zscore_T1w.nii.gz
    jobid: 59
    reason: Missing output files: work/sub-P277/ses-preop/resample/sub-P277_ses-preop_acq-ax_run-01_res-100_desc-zscore_T1w.nii.gz; Input files updated by another job: work/sub-P277/ses-preop/normalize/sub-P277_ses-preop_acq-ax_run-01_desc-zscore_T1w.nii.gz
    wildcards: subject=P277, session=preop, acq=ax, run=01
    resources: tmpdir=/localscratch/tmp
Activating conda environment: ../../../../localscratch/.cache/autoafids/conda/fd9ea35b16c4e2c41feeb821ac0ad38d_
Select jobs to execute...
Activating conda environment: ../../../../localscratch/.cache/autoafids/conda/fd9ea35b16c4e2c41feeb821ac0ad38d_
Activating conda environment: ../../../../localscratch/.cache/autoafids/conda/fd9ea35b16c4e2c41feeb821ac0ad38d_
[Mon Aug 17 11:50:56 2026]
Finished jobid: 130 (Rule: norm_im)
75 of 158 steps (47%) done
Execute 1 jobs...
[Mon Aug 17 11:50:56 2026]
localrule resample_im:
    input: work/sub-P374/ses-preop/normalize/sub-P374_ses-preop_acq-ax_run-01_desc-zscore_T1w.nii.gz
    output: work/sub-P374/ses-preop/resample/sub-P374_ses-preop_acq-ax_run-01_res-100_desc-zscore_T1w.nii.gz
    jobid: 129
    reason: Missing output files: work/sub-P374/ses-preop/resample/sub-P374_ses-preop_acq-ax_run-01_res-100_desc-zscore_T1w.nii.gz; Input files updated by another job: work/sub-P374/ses-preop/normalize/sub-P374_ses-preop_acq-ax_run-01_desc-zscore_T1w.nii.gz
    wildcards: subject=P374, session=preop, acq=ax, run=01
    resources: tmpdir=/localscratch/tmp
Select jobs to execute...
Activating conda environment: ../../../../localscratch/.cache/autoafids/conda/fd9ea35b16c4e2c41feeb821ac0ad38d_
Activating conda environment: ../../../../localscratch/.cache/autoafids/conda/fd9ea35b16c4e2c41feeb821ac0ad38d_
[Mon Aug 17 11:50:59 2026]
Finished jobid: 64 (Rule: resample_im)
76 of 158 steps (48%) done
[Mon Aug 17 11:51:12 2026]
Finished jobid: 54 (Rule: resample_im)
77 of 158 steps (49%) done
[Mon Aug 17 11:51:28 2026]
Finished jobid: 59 (Rule: resample_im)
78 of 158 steps (49%) done
[Mon Aug 17 11:51:32 2026]
Finished jobid: 129 (Rule: resample_im)
79 of 158 steps (50%) done
Execute 1 jobs...
[Mon Aug 17 11:51:32 2026]
localrule run_nnlm:
    input: work/sub-P367/ses-preop/resample/sub-P367_ses-preop_acq-ax_run-01_res-100_desc-zscore_T1w.nii.gz, /localscratch/.cache/autoafids/models/nnlm
    output: work/sub-P367/ses-preop/afids-nnlm/sub-P367_ses-preop_acq-ax_run-01_dseg.nii.gz, work/sub-P367/ses-preop/afids-nnlm/sub-P367_ses-preop_acq-ax_run-01_coords.json
    log: logs/sub-P367/ses-preop/sub-P367_ses-preop_acq-ax_run-01_nnlm.log
    jobid: 118
    reason: Missing output files: work/sub-P367/ses-preop/afids-nnlm/sub-P367_ses-preop_acq-ax_run-01_coords.json; Input files updated by another job: /localscratch/.cache/autoafids/models/nnlm, work/sub-P367/ses-preop/resample/sub-P367_ses-preop_acq-ax_run-01_res-100_desc-zscore_T1w.nii.gz
    wildcards: subject=P367, session=preop, acq=ax, run=01
    threads: 4
    resources: tmpdir=/localscratch/tmp, gpus=0, mem_mb=16000, mem_mib=15259
Activating conda environment: ../../../../localscratch/.cache/autoafids/conda/6ee0e8c060cc6e84267c0f99faf11702_
Select jobs to execute...
[Mon Aug 17 11:58:10 2026]
Finished jobid: 93 (Rule: run_nnlm)
80 of 158 steps (51%) done
Execute 1 jobs...
[Mon Aug 17 11:58:10 2026]
localrule run_nnlm:
    input: work/sub-P193/ses-preop/resample/sub-P193_ses-preop_acq-ax_run-01_res-100_desc-zscore_T1w.nii.gz, /localscratch/.cache/autoafids/models/nnlm
    output: work/sub-P193/ses-preop/afids-nnlm/sub-P193_ses-preop_acq-ax_run-01_dseg.nii.gz, work/sub-P193/ses-preop/afids-nnlm/sub-P193_ses-preop_acq-ax_run-01_coords.json
    log: logs/sub-P193/ses-preop/sub-P193_ses-preop_acq-ax_run-01_nnlm.log
    jobid: 23
    reason: Missing output files: work/sub-P193/ses-preop/afids-nnlm/sub-P193_ses-preop_acq-ax_run-01_coords.json; Input files updated by another job: work/sub-P193/ses-preop/resample/sub-P193_ses-preop_acq-ax_run-01_res-100_desc-zscore_T1w.nii.gz, /localscratch/.cache/autoafids/models/nnlm
    wildcards: subject=P193, session=preop, acq=ax, run=01
    threads: 4
    resources: tmpdir=/localscratch/tmp, gpus=0, mem_mb=16000, mem_mib=15259
Activating conda environment: ../../../../localscratch/.cache/autoafids/conda/6ee0e8c060cc6e84267c0f99faf11702_
Select jobs to execute...
[Mon Aug 17 11:59:47 2026]
Finished jobid: 43 (Rule: run_nnlm)
81 of 158 steps (51%) done
Execute 1 jobs...
[Mon Aug 17 11:59:47 2026]
localrule run_nnlm:
    input: work/sub-P175/ses-preop/resample/sub-P175_ses-preop_acq-ax_run-01_res-100_desc-zscore_T1w.nii.gz, /localscratch/.cache/autoafids/models/nnlm
    output: work/sub-P175/ses-preop/afids-nnlm/sub-P175_ses-preop_acq-ax_run-01_dseg.nii.gz, work/sub-P175/ses-preop/afids-nnlm/sub-P175_ses-preop_acq-ax_run-01_coords.json
    log: logs/sub-P175/ses-preop/sub-P175_ses-preop_acq-ax_run-01_nnlm.log
    jobid: 13
    reason: Missing output files: work/sub-P175/ses-preop/afids-nnlm/sub-P175_ses-preop_acq-ax_run-01_coords.json; Input files updated by another job: /localscratch/.cache/autoafids/models/nnlm, work/sub-P175/ses-preop/resample/sub-P175_ses-preop_acq-ax_run-01_res-100_desc-zscore_T1w.nii.gz
    wildcards: subject=P175, session=preop, acq=ax, run=01
    threads: 4
    resources: tmpdir=/localscratch/tmp, gpus=0, mem_mb=16000, mem_mib=15259
Activating conda environment: ../../../../localscratch/.cache/autoafids/conda/6ee0e8c060cc6e84267c0f99faf11702_
Select jobs to execute...
[Mon Aug 17 12:05:13 2026]
Finished jobid: 118 (Rule: run_nnlm)
82 of 158 steps (52%) done
Execute 1 jobs...
[Mon Aug 17 12:05:13 2026]
localrule run_nnlm:
    input: work/sub-P374/ses-preop/resample/sub-P374_ses-preop_acq-ax_run-01_res-100_desc-zscore_T1w.nii.gz, /localscratch/.cache/autoafids/models/nnlm
    output: work/sub-P374/ses-preop/afids-nnlm/sub-P374_ses-preop_acq-ax_run-01_dseg.nii.gz, work/sub-P374/ses-preop/afids-nnlm/sub-P374_ses-preop_acq-ax_run-01_coords.json
    log: logs/sub-P374/ses-preop/sub-P374_ses-preop_acq-ax_run-01_nnlm.log
    jobid: 128
    reason: Missing output files: work/sub-P374/ses-preop/afids-nnlm/sub-P374_ses-preop_acq-ax_run-01_coords.json; Input files updated by another job: /localscratch/.cache/autoafids/models/nnlm, work/sub-P374/ses-preop/resample/sub-P374_ses-preop_acq-ax_run-01_res-100_desc-zscore_T1w.nii.gz
    wildcards: subject=P374, session=preop, acq=ax, run=01
    threads: 4
    resources: tmpdir=/localscratch/tmp, gpus=0, mem_mb=16000, mem_mib=15259
Activating conda environment: ../../../../localscratch/.cache/autoafids/conda/6ee0e8c060cc6e84267c0f99faf11702_
Select jobs to execute...
[Mon Aug 17 12:07:14 2026]
Finished jobid: 23 (Rule: run_nnlm)
83 of 158 steps (53%) done
Execute 1 jobs...
[Mon Aug 17 12:07:14 2026]
localrule run_nnlm:
    input: work/sub-P213/ses-preop/resample/sub-P213_ses-preop_acq-ax_run-01_res-100_desc-zscore_T1w.nii.gz, /localscratch/.cache/autoafids/models/nnlm
    output: work/sub-P213/ses-preop/afids-nnlm/sub-P213_ses-preop_acq-ax_run-01_dseg.nii.gz, work/sub-P213/ses-preop/afids-nnlm/sub-P213_ses-preop_acq-ax_run-01_coords.json
    log: logs/sub-P213/ses-preop/sub-P213_ses-preop_acq-ax_run-01_nnlm.log
    jobid: 38
    reason: Missing output files: work/sub-P213/ses-preop/afids-nnlm/sub-P213_ses-preop_acq-ax_run-01_coords.json; Input files updated by another job: work/sub-P213/ses-preop/resample/sub-P213_ses-preop_acq-ax_run-01_res-100_desc-zscore_T1w.nii.gz, /localscratch/.cache/autoafids/models/nnlm
    wildcards: subject=P213, session=preop, acq=ax, run=01
    threads: 4
    resources: tmpdir=/localscratch/tmp, gpus=0, mem_mb=16000, mem_mib=15259
Activating conda environment: ../../../../localscratch/.cache/autoafids/conda/6ee0e8c060cc6e84267c0f99faf11702_
Select jobs to execute...
[Mon Aug 17 12:08:47 2026]
Finished jobid: 13 (Rule: run_nnlm)
84 of 158 steps (53%) done
Execute 4 jobs...
[Mon Aug 17 12:08:48 2026]
localrule nnlm_to_fcsv:
    input: work/sub-P367/ses-preop/afids-nnlm/sub-P367_ses-preop_acq-ax_run-01_coords.json, work/sub-P367/ses-preop/resample/sub-P367_ses-preop_acq-ax_run-01_res-100_desc-zscore_T1w.nii.gz
    output: sub-P367/ses-preop/afids-cnn/sub-P367_ses-preop_acq-ax_run-01_desc-afidscnn-nnlm_afids.fcsv
    jobid: 117
    reason: Missing output files: sub-P367/ses-preop/afids-cnn/sub-P367_ses-preop_acq-ax_run-01_desc-afidscnn-nnlm_afids.fcsv; Input files updated by another job: work/sub-P367/ses-preop/resample/sub-P367_ses-preop_acq-ax_run-01_res-100_desc-zscore_T1w.nii.gz, work/sub-P367/ses-preop/afids-nnlm/sub-P367_ses-preop_acq-ax_run-01_coords.json
    wildcards: subject=P367, session=preop, acq=ax, run=01
    resources: tmpdir=/localscratch/tmp
[Mon Aug 17 12:08:48 2026]
localrule nnlm_to_fcsv:
    input: work/sub-P193/ses-preop/afids-nnlm/sub-P193_ses-preop_acq-ax_run-01_coords.json, work/sub-P193/ses-preop/resample/sub-P193_ses-preop_acq-ax_run-01_res-100_desc-zscore_T1w.nii.gz
    output: sub-P193/ses-preop/afids-cnn/sub-P193_ses-preop_acq-ax_run-01_desc-afidscnn-nnlm_afids.fcsv
    jobid: 22
    reason: Missing output files: sub-P193/ses-preop/afids-cnn/sub-P193_ses-preop_acq-ax_run-01_desc-afidscnn-nnlm_afids.fcsv; Input files updated by another job: work/sub-P193/ses-preop/afids-nnlm/sub-P193_ses-preop_acq-ax_run-01_coords.json, work/sub-P193/ses-preop/resample/sub-P193_ses-preop_acq-ax_run-01_res-100_desc-zscore_T1w.nii.gz
    wildcards: subject=P193, session=preop, acq=ax, run=01
    resources: tmpdir=/localscratch/tmp
[Mon Aug 17 12:08:48 2026]
localrule nnlm_to_fcsv:
    input: work/sub-P214/ses-preop/afids-nnlm/sub-P214_ses-preop_acq-ax_run-01_coords.json, work/sub-P214/ses-preop/resample/sub-P214_ses-preop_acq-ax_run-01_res-100_desc-zscore_T1w.nii.gz
    output: sub-P214/ses-preop/afids-cnn/sub-P214_ses-preop_acq-ax_run-01_desc-afidscnn-nnlm_afids.fcsv
    jobid: 42
    reason: Missing output files: sub-P214/ses-preop/afids-cnn/sub-P214_ses-preop_acq-ax_run-01_desc-afidscnn-nnlm_afids.fcsv; Input files updated by another job: work/sub-P214/ses-preop/afids-nnlm/sub-P214_ses-preop_acq-ax_run-01_coords.json, work/sub-P214/ses-preop/resample/sub-P214_ses-preop_acq-ax_run-01_res-100_desc-zscore_T1w.nii.gz
    wildcards: subject=P214, session=preop, acq=ax, run=01
    resources: tmpdir=/localscratch/tmp
[Mon Aug 17 12:08:48 2026]
localrule nnlm_to_fcsv:
    input: work/sub-P175/ses-preop/afids-nnlm/sub-P175_ses-preop_acq-ax_run-01_coords.json, work/sub-P175/ses-preop/resample/sub-P175_ses-preop_acq-ax_run-01_res-100_desc-zscore_T1w.nii.gz
    output: sub-P175/ses-preop/afids-cnn/sub-P175_ses-preop_acq-ax_run-01_desc-afidscnn-nnlm_afids.fcsv
    jobid: 12
    reason: Missing output files: sub-P175/ses-preop/afids-cnn/sub-P175_ses-preop_acq-ax_run-01_desc-afidscnn-nnlm_afids.fcsv; Input files updated by another job: work/sub-P175/ses-preop/afids-nnlm/sub-P175_ses-preop_acq-ax_run-01_coords.json, work/sub-P175/ses-preop/resample/sub-P175_ses-preop_acq-ax_run-01_res-100_desc-zscore_T1w.nii.gz
    wildcards: subject=P175, session=preop, acq=ax, run=01
    resources: tmpdir=/localscratch/tmp
Activating conda environment: ../../../../localscratch/.cache/autoafids/conda/9b0ebefefdaf8f4c3064162c9af16ee6_
Select jobs to execute...
Activating conda environment: ../../../../localscratch/.cache/autoafids/conda/9b0ebefefdaf8f4c3064162c9af16ee6_
Activating conda environment: ../../../../localscratch/.cache/autoafids/conda/9b0ebefefdaf8f4c3064162c9af16ee6_
Activating conda environment: ../../../../localscratch/.cache/autoafids/conda/9b0ebefefdaf8f4c3064162c9af16ee6_
Activating conda environment: ../../../../localscratch/.cache/autoafids/conda/9b0ebefefdaf8f4c3064162c9af16ee6_
Activating conda environment: ../../../../localscratch/.cache/autoafids/conda/9b0ebefefdaf8f4c3064162c9af16ee6_
Activating conda environment: ../../../../localscratch/.cache/autoafids/conda/9b0ebefefdaf8f4c3064162c9af16ee6_
Activating conda environment: ../../../../localscratch/.cache/autoafids/conda/9b0ebefefdaf8f4c3064162c9af16ee6_
[Mon Aug 17 12:08:50 2026]
Finished jobid: 12 (Rule: nnlm_to_fcsv)
85 of 158 steps (54%) done
Execute 1 jobs...
[Mon Aug 17 12:08:50 2026]
localrule stereotaxy:
    input: sub-P175/ses-preop/afids-cnn/sub-P175_ses-preop_acq-ax_run-01_desc-afidscnn-nnlm_afids.fcsv
    output: sub-P175/ses-preop/stereotaxy/sub-P175_ses-preop_acq-ax_run-01_desc-STN_native.fcsv, sub-P175/ses-preop/stereotaxy/sub-P175_ses-preop_acq-ax_run-01_desc-STN_mcp.fcsv, work/sub-P175/ses-preop/ACPCtransforms/sub-P175_ses-preop_acq-ax_run-01_desc-transform_ACPC.txt
    jobid: 134
    reason: Missing output files: sub-P175/ses-preop/stereotaxy/sub-P175_ses-preop_acq-ax_run-01_desc-STN_native.fcsv; Input files updated by another job: sub-P175/ses-preop/afids-cnn/sub-P175_ses-preop_acq-ax_run-01_desc-afidscnn-nnlm_afids.fcsv
    wildcards: subject=P175, session=preop, acq=ax, run=01
    resources: tmpdir=/localscratch/tmp
Activating conda environment: ../../../../localscratch/.cache/autoafids/conda/7e9941e9acc1503fed10fd844ea3118b_
Select jobs to execute...
[Mon Aug 17 12:08:50 2026]
Finished jobid: 42 (Rule: nnlm_to_fcsv)
86 of 158 steps (54%) done
Execute 1 jobs...
[Mon Aug 17 12:08:50 2026]
localrule stereotaxy:
    input: sub-P214/ses-preop/afids-cnn/sub-P214_ses-preop_acq-ax_run-01_desc-afidscnn-nnlm_afids.fcsv
    output: sub-P214/ses-preop/stereotaxy/sub-P214_ses-preop_acq-ax_run-01_desc-STN_native.fcsv, sub-P214/ses-preop/stereotaxy/sub-P214_ses-preop_acq-ax_run-01_desc-STN_mcp.fcsv, work/sub-P214/ses-preop/ACPCtransforms/sub-P214_ses-preop_acq-ax_run-01_desc-transform_ACPC.txt
    jobid: 140
    reason: Missing output files: sub-P214/ses-preop/stereotaxy/sub-P214_ses-preop_acq-ax_run-01_desc-STN_native.fcsv; Input files updated by another job: sub-P214/ses-preop/afids-cnn/sub-P214_ses-preop_acq-ax_run-01_desc-afidscnn-nnlm_afids.fcsv
    wildcards: subject=P214, session=preop, acq=ax, run=01
    resources: tmpdir=/localscratch/tmp
Activating conda environment: ../../../../localscratch/.cache/autoafids/conda/7e9941e9acc1503fed10fd844ea3118b_
Select jobs to execute...
[Mon Aug 17 12:08:50 2026]
Finished jobid: 117 (Rule: nnlm_to_fcsv)
87 of 158 steps (55%) done
Execute 1 jobs...
[Mon Aug 17 12:08:50 2026]
localrule stereotaxy:
    input: sub-P367/ses-preop/afids-cnn/sub-P367_ses-preop_acq-ax_run-01_desc-afidscnn-nnlm_afids.fcsv
    output: sub-P367/ses-preop/stereotaxy/sub-P367_ses-preop_acq-ax_run-01_desc-STN_native.fcsv, sub-P367/ses-preop/stereotaxy/sub-P367_ses-preop_acq-ax_run-01_desc-STN_mcp.fcsv, work/sub-P367/ses-preop/ACPCtransforms/sub-P367_ses-preop_acq-ax_run-01_desc-transform_ACPC.txt
    jobid: 155
    reason: Missing output files: sub-P367/ses-preop/stereotaxy/sub-P367_ses-preop_acq-ax_run-01_desc-STN_native.fcsv; Input files updated by another job: sub-P367/ses-preop/afids-cnn/sub-P367_ses-preop_acq-ax_run-01_desc-afidscnn-nnlm_afids.fcsv
    wildcards: subject=P367, session=preop, acq=ax, run=01
    resources: tmpdir=/localscratch/tmp
Activating conda environment: ../../../../localscratch/.cache/autoafids/conda/7e9941e9acc1503fed10fd844ea3118b_
[Mon Aug 17 12:08:50 2026]
Finished jobid: 22 (Rule: nnlm_to_fcsv)
88 of 158 steps (56%) done
Select jobs to execute...
Execute 1 jobs...
[Mon Aug 17 12:08:51 2026]
localrule stereotaxy:
    input: sub-P193/ses-preop/afids-cnn/sub-P193_ses-preop_acq-ax_run-01_desc-afidscnn-nnlm_afids.fcsv
    output: sub-P193/ses-preop/stereotaxy/sub-P193_ses-preop_acq-ax_run-01_desc-STN_native.fcsv, sub-P193/ses-preop/stereotaxy/sub-P193_ses-preop_acq-ax_run-01_desc-STN_mcp.fcsv, work/sub-P193/ses-preop/ACPCtransforms/sub-P193_ses-preop_acq-ax_run-01_desc-transform_ACPC.txt
    jobid: 136
    reason: Missing output files: sub-P193/ses-preop/stereotaxy/sub-P193_ses-preop_acq-ax_run-01_desc-STN_native.fcsv; Input files updated by another job: sub-P193/ses-preop/afids-cnn/sub-P193_ses-preop_acq-ax_run-01_desc-afidscnn-nnlm_afids.fcsv
    wildcards: subject=P193, session=preop, acq=ax, run=01
    resources: tmpdir=/localscratch/tmp
Activating conda environment: ../../../../localscratch/.cache/autoafids/conda/7e9941e9acc1503fed10fd844ea3118b_
Select jobs to execute...
Activating conda environment: ../../../../localscratch/.cache/autoafids/conda/7e9941e9acc1503fed10fd844ea3118b_
Activating conda environment: ../../../../localscratch/.cache/autoafids/conda/7e9941e9acc1503fed10fd844ea3118b_
Activating conda environment: ../../../../localscratch/.cache/autoafids/conda/7e9941e9acc1503fed10fd844ea3118b_
Activating conda environment: ../../../../localscratch/.cache/autoafids/conda/7e9941e9acc1503fed10fd844ea3118b_
[Mon Aug 17 12:08:55 2026]
Finished jobid: 134 (Rule: stereotaxy)
89 of 158 steps (56%) done
Execute 1 jobs...
[Mon Aug 17 12:08:55 2026]
localrule nnlm_to_fcsv:
    input: work/sub-P350/ses-preop/afids-nnlm/sub-P350_ses-preop_acq-ax_run-01_coords.json, work/sub-P350/ses-preop/resample/sub-P350_ses-preop_acq-ax_run-01_res-100_desc-zscore_T1w.nii.gz
    output: sub-P350/ses-preop/afids-cnn/sub-P350_ses-preop_acq-ax_run-01_desc-afidscnn-nnlm_afids.fcsv
    jobid: 92
    reason: Missing output files: sub-P350/ses-preop/afids-cnn/sub-P350_ses-preop_acq-ax_run-01_desc-afidscnn-nnlm_afids.fcsv; Input files updated by another job: work/sub-P350/ses-preop/afids-nnlm/sub-P350_ses-preop_acq-ax_run-01_coords.json, work/sub-P350/ses-preop/resample/sub-P350_ses-preop_acq-ax_run-01_res-100_desc-zscore_T1w.nii.gz
    wildcards: subject=P350, session=preop, acq=ax, run=01
    resources: tmpdir=/localscratch/tmp
Activating conda environment: ../../../../localscratch/.cache/autoafids/conda/9b0ebefefdaf8f4c3064162c9af16ee6_
[Mon Aug 17 12:08:55 2026]
Finished jobid: 155 (Rule: stereotaxy)
90 of 158 steps (57%) done
Select jobs to execute...
[Mon Aug 17 12:08:55 2026]
Finished jobid: 136 (Rule: stereotaxy)
91 of 158 steps (58%) done
[Mon Aug 17 12:08:55 2026]
Finished jobid: 140 (Rule: stereotaxy)
92 of 158 steps (58%) done
Activating conda environment: ../../../../localscratch/.cache/autoafids/conda/9b0ebefefdaf8f4c3064162c9af16ee6_
[Mon Aug 17 12:08:58 2026]
Finished jobid: 92 (Rule: nnlm_to_fcsv)
93 of 158 steps (59%) done
Execute 1 jobs...
[Mon Aug 17 12:08:58 2026]
localrule run_nnlm:
    input: work/sub-P353/ses-preop/resample/sub-P353_ses-preop_acq-ax_run-01_res-100_desc-zscore_T1w.nii.gz, /localscratch/.cache/autoafids/models/nnlm
    output: work/sub-P353/ses-preop/afids-nnlm/sub-P353_ses-preop_acq-ax_run-01_dseg.nii.gz, work/sub-P353/ses-preop/afids-nnlm/sub-P353_ses-preop_acq-ax_run-01_coords.json
    log: logs/sub-P353/ses-preop/sub-P353_ses-preop_acq-ax_run-01_nnlm.log
    jobid: 103
    reason: Missing output files: work/sub-P353/ses-preop/afids-nnlm/sub-P353_ses-preop_acq-ax_run-01_coords.json; Input files updated by another job: work/sub-P353/ses-preop/resample/sub-P353_ses-preop_acq-ax_run-01_res-100_desc-zscore_T1w.nii.gz, /localscratch/.cache/autoafids/models/nnlm
    wildcards: subject=P353, session=preop, acq=ax, run=01
    threads: 4
    resources: tmpdir=/localscratch/tmp, gpus=0, mem_mb=16000, mem_mib=15259
Activating conda environment: ../../../../localscratch/.cache/autoafids/conda/6ee0e8c060cc6e84267c0f99faf11702_
Select jobs to execute...
[Mon Aug 17 12:14:10 2026]
Finished jobid: 128 (Rule: run_nnlm)
94 of 158 steps (59%) done
Execute 1 jobs...
[Mon Aug 17 12:14:10 2026]
localrule run_nnlm:
    input: work/sub-P277/ses-preop/resample/sub-P277_ses-preop_acq-ax_run-01_res-100_desc-zscore_T1w.nii.gz, /localscratch/.cache/autoafids/models/nnlm
    output: work/sub-P277/ses-preop/afids-nnlm/sub-P277_ses-preop_acq-ax_run-01_dseg.nii.gz, work/sub-P277/ses-preop/afids-nnlm/sub-P277_ses-preop_acq-ax_run-01_coords.json
    log: logs/sub-P277/ses-preop/sub-P277_ses-preop_acq-ax_run-01_nnlm.log
    jobid: 58
    reason: Missing output files: work/sub-P277/ses-preop/afids-nnlm/sub-P277_ses-preop_acq-ax_run-01_coords.json; Input files updated by another job: /localscratch/.cache/autoafids/models/nnlm, work/sub-P277/ses-preop/resample/sub-P277_ses-preop_acq-ax_run-01_res-100_desc-zscore_T1w.nii.gz
    wildcards: subject=P277, session=preop, acq=ax, run=01
    threads: 4
    resources: tmpdir=/localscratch/tmp, gpus=0, mem_mb=16000, mem_mib=15259
Activating conda environment: ../../../../localscratch/.cache/autoafids/conda/6ee0e8c060cc6e84267c0f99faf11702_
Select jobs to execute...
[Mon Aug 17 12:14:17 2026]
Finished jobid: 103 (Rule: run_nnlm)
95 of 158 steps (60%) done
Execute 1 jobs...
[Mon Aug 17 12:14:17 2026]
localrule run_nnlm:
    input: work/sub-P205/ses-preop/resample/sub-P205_ses-preop_acq-ax_run-01_res-100_desc-zscore_T1w.nii.gz, /localscratch/.cache/autoafids/models/nnlm
    output: work/sub-P205/ses-preop/afids-nnlm/sub-P205_ses-preop_acq-ax_run-01_dseg.nii.gz, work/sub-P205/ses-preop/afids-nnlm/sub-P205_ses-preop_acq-ax_run-01_coords.json
    log: logs/sub-P205/ses-preop/sub-P205_ses-preop_acq-ax_run-01_nnlm.log
    jobid: 33
    reason: Missing output files: work/sub-P205/ses-preop/afids-nnlm/sub-P205_ses-preop_acq-ax_run-01_coords.json; Input files updated by another job: work/sub-P205/ses-preop/resample/sub-P205_ses-preop_acq-ax_run-01_res-100_desc-zscore_T1w.nii.gz, /localscratch/.cache/autoafids/models/nnlm
    wildcards: subject=P205, session=preop, acq=ax, run=01
    threads: 4
    resources: tmpdir=/localscratch/tmp, gpus=0, mem_mb=16000, mem_mib=15259
Activating conda environment: ../../../../localscratch/.cache/autoafids/conda/6ee0e8c060cc6e84267c0f99faf11702_
Select jobs to execute...
[Mon Aug 17 12:15:33 2026]
Finished jobid: 38 (Rule: run_nnlm)
96 of 158 steps (61%) done
Execute 1 jobs...
[Mon Aug 17 12:15:33 2026]
localrule run_nnlm:
    input: work/sub-P256/ses-preop/resample/sub-P256_ses-preop_acq-ax_run-01_res-100_desc-zscore_T1w.nii.gz, /localscratch/.cache/autoafids/models/nnlm
    output: work/sub-P256/ses-preop/afids-nnlm/sub-P256_ses-preop_acq-ax_run-01_dseg.nii.gz, work/sub-P256/ses-preop/afids-nnlm/sub-P256_ses-preop_acq-ax_run-01_coords.json
    log: logs/sub-P256/ses-preop/sub-P256_ses-preop_acq-ax_run-01_nnlm.log
    jobid: 53
    reason: Missing output files: work/sub-P256/ses-preop/afids-nnlm/sub-P256_ses-preop_acq-ax_run-01_coords.json; Input files updated by another job: work/sub-P256/ses-preop/resample/sub-P256_ses-preop_acq-ax_run-01_res-100_desc-zscore_T1w.nii.gz, /localscratch/.cache/autoafids/models/nnlm
    wildcards: subject=P256, session=preop, acq=ax, run=01
    threads: 4
    resources: tmpdir=/localscratch/tmp, gpus=0, mem_mb=16000, mem_mib=15259
Activating conda environment: ../../../../localscratch/.cache/autoafids/conda/6ee0e8c060cc6e84267c0f99faf11702_
Select jobs to execute...
[Mon Aug 17 12:23:19 2026]
Finished jobid: 33 (Rule: run_nnlm)
97 of 158 steps (61%) done
Execute 1 jobs...
[Mon Aug 17 12:23:19 2026]
localrule run_nnlm:
    input: work/sub-P289/ses-preop/resample/sub-P289_ses-preop_acq-ax_run-01_res-100_desc-zscore_T1w.nii.gz, /localscratch/.cache/autoafids/models/nnlm
    output: work/sub-P289/ses-preop/afids-nnlm/sub-P289_ses-preop_acq-ax_run-01_dseg.nii.gz, work/sub-P289/ses-preop/afids-nnlm/sub-P289_ses-preop_acq-ax_run-01_coords.json
    log: logs/sub-P289/ses-preop/sub-P289_ses-preop_acq-ax_run-01_nnlm.log
    jobid: 68
    reason: Missing output files: work/sub-P289/ses-preop/afids-nnlm/sub-P289_ses-preop_acq-ax_run-01_coords.json; Input files updated by another job: /localscratch/.cache/autoafids/models/nnlm, work/sub-P289/ses-preop/resample/sub-P289_ses-preop_acq-ax_run-01_res-100_desc-zscore_T1w.nii.gz
    wildcards: subject=P289, session=preop, acq=ax, run=01
    threads: 4
    resources: tmpdir=/localscratch/tmp, gpus=0, mem_mb=16000, mem_mib=15259
Activating conda environment: ../../../../localscratch/.cache/autoafids/conda/6ee0e8c060cc6e84267c0f99faf11702_
Select jobs to execute...
[Mon Aug 17 12:23:26 2026]
Finished jobid: 58 (Rule: run_nnlm)
98 of 158 steps (62%) done
Execute 1 jobs...
[Mon Aug 17 12:23:26 2026]
localrule run_nnlm:
    input: work/sub-P369/ses-preop/resample/sub-P369_ses-preop_acq-ax_run-01_res-100_desc-zscore_T1w.nii.gz, /localscratch/.cache/autoafids/models/nnlm
    output: work/sub-P369/ses-preop/afids-nnlm/sub-P369_ses-preop_acq-ax_run-01_dseg.nii.gz, work/sub-P369/ses-preop/afids-nnlm/sub-P369_ses-preop_acq-ax_run-01_coords.json
    log: logs/sub-P369/ses-preop/sub-P369_ses-preop_acq-ax_run-01_nnlm.log
    jobid: 123
    reason: Missing output files: work/sub-P369/ses-preop/afids-nnlm/sub-P369_ses-preop_acq-ax_run-01_coords.json; Input files updated by another job: /localscratch/.cache/autoafids/models/nnlm, work/sub-P369/ses-preop/resample/sub-P369_ses-preop_acq-ax_run-01_res-100_desc-zscore_T1w.nii.gz
    wildcards: subject=P369, session=preop, acq=ax, run=01
    threads: 4
    resources: tmpdir=/localscratch/tmp, gpus=0, mem_mb=16000, mem_mib=15259
Activating conda environment: ../../../../localscratch/.cache/autoafids/conda/6ee0e8c060cc6e84267c0f99faf11702_
Select jobs to execute...
[Mon Aug 17 12:24:10 2026]
Finished jobid: 53 (Rule: run_nnlm)
99 of 158 steps (63%) done
Execute 1 jobs...
[Mon Aug 17 12:24:10 2026]
localrule run_nnlm:
    input: work/sub-P202/ses-preop/resample/sub-P202_ses-preop_acq-ax_run-01_res-100_desc-zscore_T1w.nii.gz, /localscratch/.cache/autoafids/models/nnlm
    output: work/sub-P202/ses-preop/afids-nnlm/sub-P202_ses-preop_acq-ax_run-01_dseg.nii.gz, work/sub-P202/ses-preop/afids-nnlm/sub-P202_ses-preop_acq-ax_run-01_coords.json
    log: logs/sub-P202/ses-preop/sub-P202_ses-preop_acq-ax_run-01_nnlm.log
    jobid: 28
    reason: Missing output files: work/sub-P202/ses-preop/afids-nnlm/sub-P202_ses-preop_acq-ax_run-01_coords.json; Input files updated by another job: work/sub-P202/ses-preop/resample/sub-P202_ses-preop_acq-ax_run-01_res-100_desc-zscore_T1w.nii.gz, /localscratch/.cache/autoafids/models/nnlm
    wildcards: subject=P202, session=preop, acq=ax, run=01
    threads: 4
    resources: tmpdir=/localscratch/tmp, gpus=0, mem_mb=16000, mem_mib=15259
Activating conda environment: ../../../../localscratch/.cache/autoafids/conda/6ee0e8c060cc6e84267c0f99faf11702_
Select jobs to execute...
[Mon Aug 17 12:32:18 2026]
Finished jobid: 123 (Rule: run_nnlm)
100 of 158 steps (63%) done
Execute 1 jobs...
[Mon Aug 17 12:32:18 2026]
localrule run_nnlm:
    input: work/sub-P328/ses-preop/resample/sub-P328_ses-preop_acq-ax_run-01_res-100_desc-zscore_T1w.nii.gz, /localscratch/.cache/autoafids/models/nnlm
    output: work/sub-P328/ses-preop/afids-nnlm/sub-P328_ses-preop_acq-ax_run-01_dseg.nii.gz, work/sub-P328/ses-preop/afids-nnlm/sub-P328_ses-preop_acq-ax_run-01_coords.json
    log: logs/sub-P328/ses-preop/sub-P328_ses-preop_acq-ax_run-01_nnlm.log
    jobid: 88
    reason: Missing output files: work/sub-P328/ses-preop/afids-nnlm/sub-P328_ses-preop_acq-ax_run-01_coords.json; Input files updated by another job: /localscratch/.cache/autoafids/models/nnlm, work/sub-P328/ses-preop/resample/sub-P328_ses-preop_acq-ax_run-01_res-100_desc-zscore_T1w.nii.gz
    wildcards: subject=P328, session=preop, acq=ax, run=01
    threads: 4
    resources: tmpdir=/localscratch/tmp, gpus=0, mem_mb=16000, mem_mib=15259
Activating conda environment: ../../../../localscratch/.cache/autoafids/conda/6ee0e8c060cc6e84267c0f99faf11702_
Select jobs to execute...
[Mon Aug 17 12:32:21 2026]
Finished jobid: 68 (Rule: run_nnlm)
101 of 158 steps (64%) done
Execute 1 jobs...
[Mon Aug 17 12:32:21 2026]
localrule run_nnlm:
    input: work/sub-P221/ses-preop/resample/sub-P221_ses-preop_acq-ax_run-01_res-100_desc-zscore_T1w.nii.gz, /localscratch/.cache/autoafids/models/nnlm
    output: work/sub-P221/ses-preop/afids-nnlm/sub-P221_ses-preop_acq-ax_run-01_dseg.nii.gz, work/sub-P221/ses-preop/afids-nnlm/sub-P221_ses-preop_acq-ax_run-01_coords.json
    log: logs/sub-P221/ses-preop/sub-P221_ses-preop_acq-ax_run-01_nnlm.log
    jobid: 48
    reason: Missing output files: work/sub-P221/ses-preop/afids-nnlm/sub-P221_ses-preop_acq-ax_run-01_coords.json; Input files updated by another job: /localscratch/.cache/autoafids/models/nnlm, work/sub-P221/ses-preop/resample/sub-P221_ses-preop_acq-ax_run-01_res-100_desc-zscore_T1w.nii.gz
    wildcards: subject=P221, session=preop, acq=ax, run=01
    threads: 4
    resources: tmpdir=/localscratch/tmp, gpus=0, mem_mb=16000, mem_mib=15259
Activating conda environment: ../../../../localscratch/.cache/autoafids/conda/6ee0e8c060cc6e84267c0f99faf11702_
Select jobs to execute...
[Mon Aug 17 12:35:08 2026]
Finished jobid: 28 (Rule: run_nnlm)
102 of 158 steps (65%) done
Execute 1 jobs...
[Mon Aug 17 12:35:08 2026]
localrule run_nnlm:
    input: work/sub-P293/ses-preop/resample/sub-P293_ses-preop_acq-ax_run-01_res-100_desc-zscore_T1w.nii.gz, /localscratch/.cache/autoafids/models/nnlm
    output: work/sub-P293/ses-preop/afids-nnlm/sub-P293_ses-preop_acq-ax_run-01_dseg.nii.gz, work/sub-P293/ses-preop/afids-nnlm/sub-P293_ses-preop_acq-ax_run-01_coords.json
    log: logs/sub-P293/ses-preop/sub-P293_ses-preop_acq-ax_run-01_nnlm.log
    jobid: 78
    reason: Missing output files: work/sub-P293/ses-preop/afids-nnlm/sub-P293_ses-preop_acq-ax_run-01_coords.json; Input files updated by another job: work/sub-P293/ses-preop/resample/sub-P293_ses-preop_acq-ax_run-01_res-100_desc-zscore_T1w.nii.gz, /localscratch/.cache/autoafids/models/nnlm
    wildcards: subject=P293, session=preop, acq=ax, run=01
    threads: 4
    resources: tmpdir=/localscratch/tmp, gpus=0, mem_mb=16000, mem_mib=15259
Activating conda environment: ../../../../localscratch/.cache/autoafids/conda/6ee0e8c060cc6e84267c0f99faf11702_
Select jobs to execute...
[Mon Aug 17 12:41:15 2026]
Finished jobid: 48 (Rule: run_nnlm)
103 of 158 steps (65%) done
Execute 1 jobs...
[Mon Aug 17 12:41:15 2026]
localrule run_nnlm:
    input: work/sub-P352/ses-preop/resample/sub-P352_ses-preop_acq-ax_run-01_res-100_desc-zscore_T1w.nii.gz, /localscratch/.cache/autoafids/models/nnlm
    output: work/sub-P352/ses-preop/afids-nnlm/sub-P352_ses-preop_acq-ax_run-01_dseg.nii.gz, work/sub-P352/ses-preop/afids-nnlm/sub-P352_ses-preop_acq-ax_run-01_coords.json
    log: logs/sub-P352/ses-preop/sub-P352_ses-preop_acq-ax_run-01_nnlm.log
    jobid: 98
    reason: Missing output files: work/sub-P352/ses-preop/afids-nnlm/sub-P352_ses-preop_acq-ax_run-01_coords.json; Input files updated by another job: /localscratch/.cache/autoafids/models/nnlm, work/sub-P352/ses-preop/resample/sub-P352_ses-preop_acq-ax_run-01_res-100_desc-zscore_T1w.nii.gz
    wildcards: subject=P352, session=preop, acq=ax, run=01
    threads: 4
    resources: tmpdir=/localscratch/tmp, gpus=0, mem_mb=16000, mem_mib=15259
Activating conda environment: ../../../../localscratch/.cache/autoafids/conda/6ee0e8c060cc6e84267c0f99faf11702_
Select jobs to execute...
[Mon Aug 17 12:41:21 2026]
Finished jobid: 88 (Rule: run_nnlm)
104 of 158 steps (66%) done
Execute 1 jobs...
[Mon Aug 17 12:41:21 2026]
localrule run_nnlm:
    input: work/sub-P167/ses-preop/resample/sub-P167_ses-preop_acq-ax_run-01_res-100_desc-zscore_T1w.nii.gz, /localscratch/.cache/autoafids/models/nnlm
    output: work/sub-P167/ses-preop/afids-nnlm/sub-P167_ses-preop_acq-ax_run-01_dseg.nii.gz, work/sub-P167/ses-preop/afids-nnlm/sub-P167_ses-preop_acq-ax_run-01_coords.json
    log: logs/sub-P167/ses-preop/sub-P167_ses-preop_acq-ax_run-01_nnlm.log
    jobid: 8
    reason: Missing output files: work/sub-P167/ses-preop/afids-nnlm/sub-P167_ses-preop_acq-ax_run-01_coords.json; Input files updated by another job: /localscratch/.cache/autoafids/models/nnlm, work/sub-P167/ses-preop/resample/sub-P167_ses-preop_acq-ax_run-01_res-100_desc-zscore_T1w.nii.gz
    wildcards: subject=P167, session=preop, acq=ax, run=01
    threads: 4
    resources: tmpdir=/localscratch/tmp, gpus=0, mem_mb=16000, mem_mib=15259
Activating conda environment: ../../../../localscratch/.cache/autoafids/conda/6ee0e8c060cc6e84267c0f99faf11702_
Select jobs to execute...
[Mon Aug 17 12:43:19 2026]
Finished jobid: 78 (Rule: run_nnlm)
105 of 158 steps (66%) done
Execute 1 jobs...
[Mon Aug 17 12:43:19 2026]
localrule run_nnlm:
    input: work/sub-P182/ses-preop/resample/sub-P182_ses-preop_acq-ax_run-01_res-100_desc-zscore_T1w.nii.gz, /localscratch/.cache/autoafids/models/nnlm
    output: work/sub-P182/ses-preop/afids-nnlm/sub-P182_ses-preop_acq-ax_run-01_dseg.nii.gz, work/sub-P182/ses-preop/afids-nnlm/sub-P182_ses-preop_acq-ax_run-01_coords.json
    log: logs/sub-P182/ses-preop/sub-P182_ses-preop_acq-ax_run-01_nnlm.log
    jobid: 18
    reason: Missing output files: work/sub-P182/ses-preop/afids-nnlm/sub-P182_ses-preop_acq-ax_run-01_coords.json; Input files updated by another job: work/sub-P182/ses-preop/resample/sub-P182_ses-preop_acq-ax_run-01_res-100_desc-zscore_T1w.nii.gz, /localscratch/.cache/autoafids/models/nnlm
    wildcards: subject=P182, session=preop, acq=ax, run=01
    threads: 4
    resources: tmpdir=/localscratch/tmp, gpus=0, mem_mb=16000, mem_mib=15259
Activating conda environment: ../../../../localscratch/.cache/autoafids/conda/6ee0e8c060cc6e84267c0f99faf11702_
Select jobs to execute...
[Mon Aug 17 12:48:33 2026]
Finished jobid: 98 (Rule: run_nnlm)
106 of 158 steps (67%) done
Execute 1 jobs...
[Mon Aug 17 12:48:33 2026]
localrule run_nnlm:
    input: work/sub-P165/ses-preop/resample/sub-P165_ses-preop_acq-ax_run-01_res-100_desc-zscore_T1w.nii.gz, /localscratch/.cache/autoafids/models/nnlm
    output: work/sub-P165/ses-preop/afids-nnlm/sub-P165_ses-preop_acq-ax_run-01_dseg.nii.gz, work/sub-P165/ses-preop/afids-nnlm/sub-P165_ses-preop_acq-ax_run-01_coords.json
    log: logs/sub-P165/ses-preop/sub-P165_ses-preop_acq-ax_run-01_nnlm.log
    jobid: 2
    reason: Missing output files: work/sub-P165/ses-preop/afids-nnlm/sub-P165_ses-preop_acq-ax_run-01_coords.json; Input files updated by another job: /localscratch/.cache/autoafids/models/nnlm, work/sub-P165/ses-preop/resample/sub-P165_ses-preop_acq-ax_run-01_res-100_desc-zscore_T1w.nii.gz
    wildcards: subject=P165, session=preop, acq=ax, run=01
    threads: 4
    resources: tmpdir=/localscratch/tmp, gpus=0, mem_mb=16000, mem_mib=15259
Activating conda environment: ../../../../localscratch/.cache/autoafids/conda/6ee0e8c060cc6e84267c0f99faf11702_
Select jobs to execute...
[Mon Aug 17 12:50:09 2026]
Finished jobid: 8 (Rule: run_nnlm)
107 of 158 steps (68%) done
Execute 1 jobs...
[Mon Aug 17 12:50:09 2026]
localrule run_nnlm:
    input: work/sub-P281/ses-preop/resample/sub-P281_ses-preop_acq-ax_run-01_res-100_desc-zscore_T1w.nii.gz, /localscratch/.cache/autoafids/models/nnlm
    output: work/sub-P281/ses-preop/afids-nnlm/sub-P281_ses-preop_acq-ax_run-01_dseg.nii.gz, work/sub-P281/ses-preop/afids-nnlm/sub-P281_ses-preop_acq-ax_run-01_coords.json
    log: logs/sub-P281/ses-preop/sub-P281_ses-preop_acq-ax_run-01_nnlm.log
    jobid: 63
    reason: Missing output files: work/sub-P281/ses-preop/afids-nnlm/sub-P281_ses-preop_acq-ax_run-01_coords.json; Input files updated by another job: /localscratch/.cache/autoafids/models/nnlm, work/sub-P281/ses-preop/resample/sub-P281_ses-preop_acq-ax_run-01_res-100_desc-zscore_T1w.nii.gz
    wildcards: subject=P281, session=preop, acq=ax, run=01
    threads: 4
    resources: tmpdir=/localscratch/tmp, gpus=0, mem_mb=16000, mem_mib=15259
Activating conda environment: ../../../../localscratch/.cache/autoafids/conda/6ee0e8c060cc6e84267c0f99faf11702_
Select jobs to execute...
[Mon Aug 17 12:50:25 2026]
Finished jobid: 18 (Rule: run_nnlm)
108 of 158 steps (68%) done
Execute 1 jobs...
[Mon Aug 17 12:50:25 2026]
localrule run_nnlm:
    input: work/sub-P310/ses-preop/resample/sub-P310_ses-preop_acq-ax_run-01_res-100_desc-zscore_T1w.nii.gz, /localscratch/.cache/autoafids/models/nnlm
    output: work/sub-P310/ses-preop/afids-nnlm/sub-P310_ses-preop_acq-ax_run-01_dseg.nii.gz, work/sub-P310/ses-preop/afids-nnlm/sub-P310_ses-preop_acq-ax_run-01_coords.json
    log: logs/sub-P310/ses-preop/sub-P310_ses-preop_acq-ax_run-01_nnlm.log
    jobid: 83
    reason: Missing output files: work/sub-P310/ses-preop/afids-nnlm/sub-P310_ses-preop_acq-ax_run-01_coords.json; Input files updated by another job: work/sub-P310/ses-preop/resample/sub-P310_ses-preop_acq-ax_run-01_res-100_desc-zscore_T1w.nii.gz, /localscratch/.cache/autoafids/models/nnlm
    wildcards: subject=P310, session=preop, acq=ax, run=01
    threads: 4
    resources: tmpdir=/localscratch/tmp, gpus=0, mem_mb=16000, mem_mib=15259
Activating conda environment: ../../../../localscratch/.cache/autoafids/conda/6ee0e8c060cc6e84267c0f99faf11702_
Select jobs to execute...
[Mon Aug 17 12:55:40 2026]
Finished jobid: 2 (Rule: run_nnlm)
109 of 158 steps (69%) done
Execute 1 jobs...
[Mon Aug 17 12:55:40 2026]
localrule run_nnlm:
    input: work/sub-P359/ses-preop/resample/sub-P359_ses-preop_acq-ax_run-01_res-100_desc-zscore_T1w.nii.gz, /localscratch/.cache/autoafids/models/nnlm
    output: work/sub-P359/ses-preop/afids-nnlm/sub-P359_ses-preop_acq-ax_run-01_dseg.nii.gz, work/sub-P359/ses-preop/afids-nnlm/sub-P359_ses-preop_acq-ax_run-01_coords.json
    log: logs/sub-P359/ses-preop/sub-P359_ses-preop_acq-ax_run-01_nnlm.log
    jobid: 113
    reason: Missing output files: work/sub-P359/ses-preop/afids-nnlm/sub-P359_ses-preop_acq-ax_run-01_coords.json; Input files updated by another job: work/sub-P359/ses-preop/resample/sub-P359_ses-preop_acq-ax_run-01_res-100_desc-zscore_T1w.nii.gz, /localscratch/.cache/autoafids/models/nnlm
    wildcards: subject=P359, session=preop, acq=ax, run=01
    threads: 4
    resources: tmpdir=/localscratch/tmp, gpus=0, mem_mb=16000, mem_mib=15259
Activating conda environment: ../../../../localscratch/.cache/autoafids/conda/6ee0e8c060cc6e84267c0f99faf11702_
Select jobs to execute...
[Mon Aug 17 12:57:23 2026]
Finished jobid: 63 (Rule: run_nnlm)
110 of 158 steps (70%) done
Execute 1 jobs...
[Mon Aug 17 12:57:23 2026]
localrule run_nnlm:
    input: work/sub-P292/ses-preop/resample/sub-P292_ses-preop_acq-ax_run-01_res-100_desc-zscore_T1w.nii.gz, /localscratch/.cache/autoafids/models/nnlm
    output: work/sub-P292/ses-preop/afids-nnlm/sub-P292_ses-preop_acq-ax_run-01_dseg.nii.gz, work/sub-P292/ses-preop/afids-nnlm/sub-P292_ses-preop_acq-ax_run-01_coords.json
    log: logs/sub-P292/ses-preop/sub-P292_ses-preop_acq-ax_run-01_nnlm.log
    jobid: 73
    reason: Missing output files: work/sub-P292/ses-preop/afids-nnlm/sub-P292_ses-preop_acq-ax_run-01_coords.json; Input files updated by another job: work/sub-P292/ses-preop/resample/sub-P292_ses-preop_acq-ax_run-01_res-100_desc-zscore_T1w.nii.gz, /localscratch/.cache/autoafids/models/nnlm
    wildcards: subject=P292, session=preop, acq=ax, run=01
    threads: 4
    resources: tmpdir=/localscratch/tmp, gpus=0, mem_mb=16000, mem_mib=15259
Activating conda environment: ../../../../localscratch/.cache/autoafids/conda/6ee0e8c060cc6e84267c0f99faf11702_
Select jobs to execute...
[Mon Aug 17 12:57:27 2026]
Finished jobid: 83 (Rule: run_nnlm)
111 of 158 steps (70%) done
Execute 4 jobs...
[Mon Aug 17 12:57:27 2026]
localrule nnlm_to_fcsv:
    input: work/sub-P310/ses-preop/afids-nnlm/sub-P310_ses-preop_acq-ax_run-01_coords.json, work/sub-P310/ses-preop/resample/sub-P310_ses-preop_acq-ax_run-01_res-100_desc-zscore_T1w.nii.gz
    output: sub-P310/ses-preop/afids-cnn/sub-P310_ses-preop_acq-ax_run-01_desc-afidscnn-nnlm_afids.fcsv
    jobid: 82
    reason: Missing output files: sub-P310/ses-preop/afids-cnn/sub-P310_ses-preop_acq-ax_run-01_desc-afidscnn-nnlm_afids.fcsv; Input files updated by another job: work/sub-P310/ses-preop/resample/sub-P310_ses-preop_acq-ax_run-01_res-100_desc-zscore_T1w.nii.gz, work/sub-P310/ses-preop/afids-nnlm/sub-P310_ses-preop_acq-ax_run-01_coords.json
    wildcards: subject=P310, session=preop, acq=ax, run=01
    resources: tmpdir=/localscratch/tmp
Activating conda environment: ../../../../localscratch/.cache/autoafids/conda/9b0ebefefdaf8f4c3064162c9af16ee6_
[Mon Aug 17 12:57:27 2026]
localrule nnlm_to_fcsv:
    input: work/sub-P213/ses-preop/afids-nnlm/sub-P213_ses-preop_acq-ax_run-01_coords.json, work/sub-P213/ses-preop/resample/sub-P213_ses-preop_acq-ax_run-01_res-100_desc-zscore_T1w.nii.gz
    output: sub-P213/ses-preop/afids-cnn/sub-P213_ses-preop_acq-ax_run-01_desc-afidscnn-nnlm_afids.fcsv
    jobid: 37
    reason: Missing output files: sub-P213/ses-preop/afids-cnn/sub-P213_ses-preop_acq-ax_run-01_desc-afidscnn-nnlm_afids.fcsv; Input files updated by another job: work/sub-P213/ses-preop/resample/sub-P213_ses-preop_acq-ax_run-01_res-100_desc-zscore_T1w.nii.gz, work/sub-P213/ses-preop/afids-nnlm/sub-P213_ses-preop_acq-ax_run-01_coords.json
    wildcards: subject=P213, session=preop, acq=ax, run=01
    resources: tmpdir=/localscratch/tmp
Activating conda environment: ../../../../localscratch/.cache/autoafids/conda/9b0ebefefdaf8f4c3064162c9af16ee6_
[Mon Aug 17 12:57:27 2026]
localrule nnlm_to_fcsv:
    input: work/sub-P167/ses-preop/afids-nnlm/sub-P167_ses-preop_acq-ax_run-01_coords.json, work/sub-P167/ses-preop/resample/sub-P167_ses-preop_acq-ax_run-01_res-100_desc-zscore_T1w.nii.gz
    output: sub-P167/ses-preop/afids-cnn/sub-P167_ses-preop_acq-ax_run-01_desc-afidscnn-nnlm_afids.fcsv
    jobid: 7
    reason: Missing output files: sub-P167/ses-preop/afids-cnn/sub-P167_ses-preop_acq-ax_run-01_desc-afidscnn-nnlm_afids.fcsv; Input files updated by another job: work/sub-P167/ses-preop/afids-nnlm/sub-P167_ses-preop_acq-ax_run-01_coords.json, work/sub-P167/ses-preop/resample/sub-P167_ses-preop_acq-ax_run-01_res-100_desc-zscore_T1w.nii.gz
    wildcards: subject=P167, session=preop, acq=ax, run=01
    resources: tmpdir=/localscratch/tmp
[Mon Aug 17 12:57:27 2026]
localrule nnlm_to_fcsv:
    input: work/sub-P281/ses-preop/afids-nnlm/sub-P281_ses-preop_acq-ax_run-01_coords.json, work/sub-P281/ses-preop/resample/sub-P281_ses-preop_acq-ax_run-01_res-100_desc-zscore_T1w.nii.gz
    output: sub-P281/ses-preop/afids-cnn/sub-P281_ses-preop_acq-ax_run-01_desc-afidscnn-nnlm_afids.fcsv
    jobid: 62
    reason: Missing output files: sub-P281/ses-preop/afids-cnn/sub-P281_ses-preop_acq-ax_run-01_desc-afidscnn-nnlm_afids.fcsv; Input files updated by another job: work/sub-P281/ses-preop/resample/sub-P281_ses-preop_acq-ax_run-01_res-100_desc-zscore_T1w.nii.gz, work/sub-P281/ses-preop/afids-nnlm/sub-P281_ses-preop_acq-ax_run-01_coords.json
    wildcards: subject=P281, session=preop, acq=ax, run=01
    resources: tmpdir=/localscratch/tmp
Activating conda environment: ../../../../localscratch/.cache/autoafids/conda/9b0ebefefdaf8f4c3064162c9af16ee6_
Activating conda environment: ../../../../localscratch/.cache/autoafids/conda/9b0ebefefdaf8f4c3064162c9af16ee6_
Select jobs to execute...
Activating conda environment: ../../../../localscratch/.cache/autoafids/conda/9b0ebefefdaf8f4c3064162c9af16ee6_
Activating conda environment: ../../../../localscratch/.cache/autoafids/conda/9b0ebefefdaf8f4c3064162c9af16ee6_
Activating conda environment: ../../../../localscratch/.cache/autoafids/conda/9b0ebefefdaf8f4c3064162c9af16ee6_
Activating conda environment: ../../../../localscratch/.cache/autoafids/conda/9b0ebefefdaf8f4c3064162c9af16ee6_
[Mon Aug 17 12:57:28 2026]
Finished jobid: 82 (Rule: nnlm_to_fcsv)
112 of 158 steps (71%) done
Execute 1 jobs...
[Mon Aug 17 12:57:29 2026]
localrule nnlm_to_fcsv:
    input: work/sub-P165/ses-preop/afids-nnlm/sub-P165_ses-preop_acq-ax_run-01_coords.json, work/sub-P165/ses-preop/resample/sub-P165_ses-preop_acq-ax_run-01_res-100_desc-zscore_T1w.nii.gz
    output: sub-P165/ses-preop/afids-cnn/sub-P165_ses-preop_acq-ax_run-01_desc-afidscnn-nnlm_afids.fcsv
    jobid: 1
    reason: Missing output files: sub-P165/ses-preop/afids-cnn/sub-P165_ses-preop_acq-ax_run-01_desc-afidscnn-nnlm_afids.fcsv; Input files updated by another job: work/sub-P165/ses-preop/afids-nnlm/sub-P165_ses-preop_acq-ax_run-01_coords.json, work/sub-P165/ses-preop/resample/sub-P165_ses-preop_acq-ax_run-01_res-100_desc-zscore_T1w.nii.gz
    wildcards: subject=P165, session=preop, acq=ax, run=01
    resources: tmpdir=/localscratch/tmp
Select jobs to execute...
Activating conda environment: ../../../../localscratch/.cache/autoafids/conda/9b0ebefefdaf8f4c3064162c9af16ee6_
[Mon Aug 17 12:57:29 2026]
Finished jobid: 62 (Rule: nnlm_to_fcsv)
113 of 158 steps (72%) done
Execute 1 jobs...
[Mon Aug 17 12:57:29 2026]
localrule nnlm_to_fcsv:
    input: work/sub-P205/ses-preop/afids-nnlm/sub-P205_ses-preop_acq-ax_run-01_coords.json, work/sub-P205/ses-preop/resample/sub-P205_ses-preop_acq-ax_run-01_res-100_desc-zscore_T1w.nii.gz
    output: sub-P205/ses-preop/afids-cnn/sub-P205_ses-preop_acq-ax_run-01_desc-afidscnn-nnlm_afids.fcsv
    jobid: 32
    reason: Missing output files: sub-P205/ses-preop/afids-cnn/sub-P205_ses-preop_acq-ax_run-01_desc-afidscnn-nnlm_afids.fcsv; Input files updated by another job: work/sub-P205/ses-preop/resample/sub-P205_ses-preop_acq-ax_run-01_res-100_desc-zscore_T1w.nii.gz, work/sub-P205/ses-preop/afids-nnlm/sub-P205_ses-preop_acq-ax_run-01_coords.json
    wildcards: subject=P205, session=preop, acq=ax, run=01
    resources: tmpdir=/localscratch/tmp
Activating conda environment: ../../../../localscratch/.cache/autoafids/conda/9b0ebefefdaf8f4c3064162c9af16ee6_
[Mon Aug 17 12:57:29 2026]
Finished jobid: 7 (Rule: nnlm_to_fcsv)
114 of 158 steps (72%) done
Select jobs to execute...
Execute 1 jobs...
[Mon Aug 17 12:57:29 2026]
localrule nnlm_to_fcsv:
    input: work/sub-P293/ses-preop/afids-nnlm/sub-P293_ses-preop_acq-ax_run-01_coords.json, work/sub-P293/ses-preop/resample/sub-P293_ses-preop_acq-ax_run-01_res-100_desc-zscore_T1w.nii.gz
    output: sub-P293/ses-preop/afids-cnn/sub-P293_ses-preop_acq-ax_run-01_desc-afidscnn-nnlm_afids.fcsv
    jobid: 77
    reason: Missing output files: sub-P293/ses-preop/afids-cnn/sub-P293_ses-preop_acq-ax_run-01_desc-afidscnn-nnlm_afids.fcsv; Input files updated by another job: work/sub-P293/ses-preop/resample/sub-P293_ses-preop_acq-ax_run-01_res-100_desc-zscore_T1w.nii.gz, work/sub-P293/ses-preop/afids-nnlm/sub-P293_ses-preop_acq-ax_run-01_coords.json
    wildcards: subject=P293, session=preop, acq=ax, run=01
    resources: tmpdir=/localscratch/tmp
Activating conda environment: ../../../../localscratch/.cache/autoafids/conda/9b0ebefefdaf8f4c3064162c9af16ee6_
[Mon Aug 17 12:57:29 2026]
Finished jobid: 37 (Rule: nnlm_to_fcsv)
115 of 158 steps (73%) done
Select jobs to execute...
Execute 1 jobs...
[Mon Aug 17 12:57:29 2026]
localrule stereotaxy:
    input: sub-P213/ses-preop/afids-cnn/sub-P213_ses-preop_acq-ax_run-01_desc-afidscnn-nnlm_afids.fcsv
    output: sub-P213/ses-preop/stereotaxy/sub-P213_ses-preop_acq-ax_run-01_desc-STN_native.fcsv, sub-P213/ses-preop/stereotaxy/sub-P213_ses-preop_acq-ax_run-01_desc-STN_mcp.fcsv, work/sub-P213/ses-preop/ACPCtransforms/sub-P213_ses-preop_acq-ax_run-01_desc-transform_ACPC.txt
    jobid: 139
    reason: Missing output files: sub-P213/ses-preop/stereotaxy/sub-P213_ses-preop_acq-ax_run-01_desc-STN_native.fcsv; Input files updated by another job: sub-P213/ses-preop/afids-cnn/sub-P213_ses-preop_acq-ax_run-01_desc-afidscnn-nnlm_afids.fcsv
    wildcards: subject=P213, session=preop, acq=ax, run=01
    resources: tmpdir=/localscratch/tmp
Activating conda environment: ../../../../localscratch/.cache/autoafids/conda/7e9941e9acc1503fed10fd844ea3118b_
Select jobs to execute...
Activating conda environment: ../../../../localscratch/.cache/autoafids/conda/9b0ebefefdaf8f4c3064162c9af16ee6_
Activating conda environment: ../../../../localscratch/.cache/autoafids/conda/9b0ebefefdaf8f4c3064162c9af16ee6_
Activating conda environment: ../../../../localscratch/.cache/autoafids/conda/9b0ebefefdaf8f4c3064162c9af16ee6_
Activating conda environment: ../../../../localscratch/.cache/autoafids/conda/7e9941e9acc1503fed10fd844ea3118b_
[Mon Aug 17 12:57:30 2026]
Finished jobid: 1 (Rule: nnlm_to_fcsv)
116 of 158 steps (73%) done
Execute 1 jobs...
[Mon Aug 17 12:57:30 2026]
localrule nnlm_to_fcsv:
    input: work/sub-P369/ses-preop/afids-nnlm/sub-P369_ses-preop_acq-ax_run-01_coords.json, work/sub-P369/ses-preop/resample/sub-P369_ses-preop_acq-ax_run-01_res-100_desc-zscore_T1w.nii.gz
    output: sub-P369/ses-preop/afids-cnn/sub-P369_ses-preop_acq-ax_run-01_desc-afidscnn-nnlm_afids.fcsv
    jobid: 122
    reason: Missing output files: sub-P369/ses-preop/afids-cnn/sub-P369_ses-preop_acq-ax_run-01_desc-afidscnn-nnlm_afids.fcsv; Input files updated by another job: work/sub-P369/ses-preop/afids-nnlm/sub-P369_ses-preop_acq-ax_run-01_coords.json, work/sub-P369/ses-preop/resample/sub-P369_ses-preop_acq-ax_run-01_res-100_desc-zscore_T1w.nii.gz
    wildcards: subject=P369, session=preop, acq=ax, run=01
    resources: tmpdir=/localscratch/tmp
Activating conda environment: ../../../../localscratch/.cache/autoafids/conda/9b0ebefefdaf8f4c3064162c9af16ee6_
Select jobs to execute...
[Mon Aug 17 12:57:31 2026]
Finished jobid: 32 (Rule: nnlm_to_fcsv)
117 of 158 steps (74%) done
Execute 1 jobs...
[Mon Aug 17 12:57:31 2026]
localrule stereotaxy:
    input: sub-P205/ses-preop/afids-cnn/sub-P205_ses-preop_acq-ax_run-01_desc-afidscnn-nnlm_afids.fcsv
    output: sub-P205/ses-preop/stereotaxy/sub-P205_ses-preop_acq-ax_run-01_desc-STN_native.fcsv, sub-P205/ses-preop/stereotaxy/sub-P205_ses-preop_acq-ax_run-01_desc-STN_mcp.fcsv, work/sub-P205/ses-preop/ACPCtransforms/sub-P205_ses-preop_acq-ax_run-01_desc-transform_ACPC.txt
    jobid: 138
    reason: Missing output files: sub-P205/ses-preop/stereotaxy/sub-P205_ses-preop_acq-ax_run-01_desc-STN_native.fcsv; Input files updated by another job: sub-P205/ses-preop/afids-cnn/sub-P205_ses-preop_acq-ax_run-01_desc-afidscnn-nnlm_afids.fcsv
    wildcards: subject=P205, session=preop, acq=ax, run=01
    resources: tmpdir=/localscratch/tmp
Activating conda environment: ../../../../localscratch/.cache/autoafids/conda/7e9941e9acc1503fed10fd844ea3118b_
[Mon Aug 17 12:57:31 2026]
Finished jobid: 77 (Rule: nnlm_to_fcsv)
118 of 158 steps (75%) done
Select jobs to execute...
Execute 1 jobs...
[Mon Aug 17 12:57:31 2026]
localrule stereotaxy:
    input: sub-P293/ses-preop/afids-cnn/sub-P293_ses-preop_acq-ax_run-01_desc-afidscnn-nnlm_afids.fcsv
    output: sub-P293/ses-preop/stereotaxy/sub-P293_ses-preop_acq-ax_run-01_desc-STN_native.fcsv, sub-P293/ses-preop/stereotaxy/sub-P293_ses-preop_acq-ax_run-01_desc-STN_mcp.fcsv, work/sub-P293/ses-preop/ACPCtransforms/sub-P293_ses-preop_acq-ax_run-01_desc-transform_ACPC.txt
    jobid: 147
    reason: Missing output files: sub-P293/ses-preop/stereotaxy/sub-P293_ses-preop_acq-ax_run-01_desc-STN_native.fcsv; Input files updated by another job: sub-P293/ses-preop/afids-cnn/sub-P293_ses-preop_acq-ax_run-01_desc-afidscnn-nnlm_afids.fcsv
    wildcards: subject=P293, session=preop, acq=ax, run=01
    resources: tmpdir=/localscratch/tmp
Activating conda environment: ../../../../localscratch/.cache/autoafids/conda/7e9941e9acc1503fed10fd844ea3118b_
Select jobs to execute...
Activating conda environment: ../../../../localscratch/.cache/autoafids/conda/9b0ebefefdaf8f4c3064162c9af16ee6_
Activating conda environment: ../../../../localscratch/.cache/autoafids/conda/7e9941e9acc1503fed10fd844ea3118b_
Activating conda environment: ../../../../localscratch/.cache/autoafids/conda/7e9941e9acc1503fed10fd844ea3118b_
[Mon Aug 17 12:57:32 2026]
Finished jobid: 139 (Rule: stereotaxy)
119 of 158 steps (75%) done
Execute 1 jobs...
[Mon Aug 17 12:57:32 2026]
localrule nnlm_to_fcsv:
    input: work/sub-P202/ses-preop/afids-nnlm/sub-P202_ses-preop_acq-ax_run-01_coords.json, work/sub-P202/ses-preop/resample/sub-P202_ses-preop_acq-ax_run-01_res-100_desc-zscore_T1w.nii.gz
    output: sub-P202/ses-preop/afids-cnn/sub-P202_ses-preop_acq-ax_run-01_desc-afidscnn-nnlm_afids.fcsv
    jobid: 27
    reason: Missing output files: sub-P202/ses-preop/afids-cnn/sub-P202_ses-preop_acq-ax_run-01_desc-afidscnn-nnlm_afids.fcsv; Input files updated by another job: work/sub-P202/ses-preop/afids-nnlm/sub-P202_ses-preop_acq-ax_run-01_coords.json, work/sub-P202/ses-preop/resample/sub-P202_ses-preop_acq-ax_run-01_res-100_desc-zscore_T1w.nii.gz
    wildcards: subject=P202, session=preop, acq=ax, run=01
    resources: tmpdir=/localscratch/tmp
Select jobs to execute...
Activating conda environment: ../../../../localscratch/.cache/autoafids/conda/9b0ebefefdaf8f4c3064162c9af16ee6_
[Mon Aug 17 12:57:32 2026]
Finished jobid: 122 (Rule: nnlm_to_fcsv)
120 of 158 steps (76%) done
Execute 1 jobs...
[Mon Aug 17 12:57:32 2026]
localrule stereotaxy:
    input: sub-P165/ses-preop/afids-cnn/sub-P165_ses-preop_acq-ax_run-01_desc-afidscnn-nnlm_afids.fcsv
    output: sub-P165/ses-preop/stereotaxy/sub-P165_ses-preop_acq-ax_run-01_desc-STN_native.fcsv, sub-P165/ses-preop/stereotaxy/sub-P165_ses-preop_acq-ax_run-01_desc-STN_mcp.fcsv, work/sub-P165/ses-preop/ACPCtransforms/sub-P165_ses-preop_acq-ax_run-01_desc-transform_ACPC.txt
    jobid: 132
    reason: Missing output files: sub-P165/ses-preop/stereotaxy/sub-P165_ses-preop_acq-ax_run-01_desc-STN_native.fcsv; Input files updated by another job: sub-P165/ses-preop/afids-cnn/sub-P165_ses-preop_acq-ax_run-01_desc-afidscnn-nnlm_afids.fcsv
    wildcards: subject=P165, session=preop, acq=ax, run=01
    resources: tmpdir=/localscratch/tmp
Activating conda environment: ../../../../localscratch/.cache/autoafids/conda/7e9941e9acc1503fed10fd844ea3118b_
Select jobs to execute...
Activating conda environment: ../../../../localscratch/.cache/autoafids/conda/9b0ebefefdaf8f4c3064162c9af16ee6_
Activating conda environment: ../../../../localscratch/.cache/autoafids/conda/7e9941e9acc1503fed10fd844ea3118b_
[Mon Aug 17 12:57:33 2026]
Finished jobid: 138 (Rule: stereotaxy)
121 of 158 steps (77%) done
Execute 1 jobs...
[Mon Aug 17 12:57:33 2026]
localrule nnlm_to_fcsv:
    input: work/sub-P328/ses-preop/afids-nnlm/sub-P328_ses-preop_acq-ax_run-01_coords.json, work/sub-P328/ses-preop/resample/sub-P328_ses-preop_acq-ax_run-01_res-100_desc-zscore_T1w.nii.gz
    output: sub-P328/ses-preop/afids-cnn/sub-P328_ses-preop_acq-ax_run-01_desc-afidscnn-nnlm_afids.fcsv
    jobid: 87
    reason: Missing output files: sub-P328/ses-preop/afids-cnn/sub-P328_ses-preop_acq-ax_run-01_desc-afidscnn-nnlm_afids.fcsv; Input files updated by another job: work/sub-P328/ses-preop/afids-nnlm/sub-P328_ses-preop_acq-ax_run-01_coords.json, work/sub-P328/ses-preop/resample/sub-P328_ses-preop_acq-ax_run-01_res-100_desc-zscore_T1w.nii.gz
    wildcards: subject=P328, session=preop, acq=ax, run=01
    resources: tmpdir=/localscratch/tmp
Activating conda environment: ../../../../localscratch/.cache/autoafids/conda/9b0ebefefdaf8f4c3064162c9af16ee6_
[Mon Aug 17 12:57:33 2026]
Finished jobid: 147 (Rule: stereotaxy)
122 of 158 steps (77%) done
Select jobs to execute...
Execute 1 jobs...
[Mon Aug 17 12:57:33 2026]
localrule nnlm_to_fcsv:
    input: work/sub-P352/ses-preop/afids-nnlm/sub-P352_ses-preop_acq-ax_run-01_coords.json, work/sub-P352/ses-preop/resample/sub-P352_ses-preop_acq-ax_run-01_res-100_desc-zscore_T1w.nii.gz
    output: sub-P352/ses-preop/afids-cnn/sub-P352_ses-preop_acq-ax_run-01_desc-afidscnn-nnlm_afids.fcsv
    jobid: 97
    reason: Missing output files: sub-P352/ses-preop/afids-cnn/sub-P352_ses-preop_acq-ax_run-01_desc-afidscnn-nnlm_afids.fcsv; Input files updated by another job: work/sub-P352/ses-preop/afids-nnlm/sub-P352_ses-preop_acq-ax_run-01_coords.json, work/sub-P352/ses-preop/resample/sub-P352_ses-preop_acq-ax_run-01_res-100_desc-zscore_T1w.nii.gz
    wildcards: subject=P352, session=preop, acq=ax, run=01
    resources: tmpdir=/localscratch/tmp
Select jobs to execute...
Activating conda environment: ../../../../localscratch/.cache/autoafids/conda/9b0ebefefdaf8f4c3064162c9af16ee6_
[Mon Aug 17 12:57:34 2026]
Finished jobid: 27 (Rule: nnlm_to_fcsv)
123 of 158 steps (78%) done
Execute 1 jobs...
[Mon Aug 17 12:57:34 2026]
localrule stereotaxy:
    input: sub-P202/ses-preop/afids-cnn/sub-P202_ses-preop_acq-ax_run-01_desc-afidscnn-nnlm_afids.fcsv
    output: sub-P202/ses-preop/stereotaxy/sub-P202_ses-preop_acq-ax_run-01_desc-STN_native.fcsv, sub-P202/ses-preop/stereotaxy/sub-P202_ses-preop_acq-ax_run-01_desc-STN_mcp.fcsv, work/sub-P202/ses-preop/ACPCtransforms/sub-P202_ses-preop_acq-ax_run-01_desc-transform_ACPC.txt
    jobid: 137
    reason: Missing output files: sub-P202/ses-preop/stereotaxy/sub-P202_ses-preop_acq-ax_run-01_desc-STN_native.fcsv; Input files updated by another job: sub-P202/ses-preop/afids-cnn/sub-P202_ses-preop_acq-ax_run-01_desc-afidscnn-nnlm_afids.fcsv
    wildcards: subject=P202, session=preop, acq=ax, run=01
    resources: tmpdir=/localscratch/tmp
Activating conda environment: ../../../../localscratch/.cache/autoafids/conda/7e9941e9acc1503fed10fd844ea3118b_
Select jobs to execute...
Activating conda environment: ../../../../localscratch/.cache/autoafids/conda/9b0ebefefdaf8f4c3064162c9af16ee6_
Activating conda environment: ../../../../localscratch/.cache/autoafids/conda/9b0ebefefdaf8f4c3064162c9af16ee6_
Activating conda environment: ../../../../localscratch/.cache/autoafids/conda/7e9941e9acc1503fed10fd844ea3118b_
[Mon Aug 17 12:57:35 2026]
Finished jobid: 132 (Rule: stereotaxy)
124 of 158 steps (78%) done
[Mon Aug 17 12:57:35 2026]
Finished jobid: 87 (Rule: nnlm_to_fcsv)
125 of 158 steps (79%) done
Execute 2 jobs...
[Mon Aug 17 12:57:35 2026]
localrule nnlm_to_fcsv:
    input: work/sub-P277/ses-preop/afids-nnlm/sub-P277_ses-preop_acq-ax_run-01_coords.json, work/sub-P277/ses-preop/resample/sub-P277_ses-preop_acq-ax_run-01_res-100_desc-zscore_T1w.nii.gz
    output: sub-P277/ses-preop/afids-cnn/sub-P277_ses-preop_acq-ax_run-01_desc-afidscnn-nnlm_afids.fcsv
    jobid: 57
    reason: Missing output files: sub-P277/ses-preop/afids-cnn/sub-P277_ses-preop_acq-ax_run-01_desc-afidscnn-nnlm_afids.fcsv; Input files updated by another job: work/sub-P277/ses-preop/resample/sub-P277_ses-preop_acq-ax_run-01_res-100_desc-zscore_T1w.nii.gz, work/sub-P277/ses-preop/afids-nnlm/sub-P277_ses-preop_acq-ax_run-01_coords.json
    wildcards: subject=P277, session=preop, acq=ax, run=01
    resources: tmpdir=/localscratch/tmp
[Mon Aug 17 12:57:35 2026]
localrule stereotaxy:
    input: sub-P369/ses-preop/afids-cnn/sub-P369_ses-preop_acq-ax_run-01_desc-afidscnn-nnlm_afids.fcsv
    output: sub-P369/ses-preop/stereotaxy/sub-P369_ses-preop_acq-ax_run-01_desc-STN_native.fcsv, sub-P369/ses-preop/stereotaxy/sub-P369_ses-preop_acq-ax_run-01_desc-STN_mcp.fcsv, work/sub-P369/ses-preop/ACPCtransforms/sub-P369_ses-preop_acq-ax_run-01_desc-transform_ACPC.txt
    jobid: 156
    reason: Missing output files: sub-P369/ses-preop/stereotaxy/sub-P369_ses-preop_acq-ax_run-01_desc-STN_native.fcsv; Input files updated by another job: sub-P369/ses-preop/afids-cnn/sub-P369_ses-preop_acq-ax_run-01_desc-afidscnn-nnlm_afids.fcsv
    wildcards: subject=P369, session=preop, acq=ax, run=01
    resources: tmpdir=/localscratch/tmp
Activating conda environment: ../../../../localscratch/.cache/autoafids/conda/7e9941e9acc1503fed10fd844ea3118b_
Select jobs to execute...
Activating conda environment: ../../../../localscratch/.cache/autoafids/conda/9b0ebefefdaf8f4c3064162c9af16ee6_
[Mon Aug 17 12:57:35 2026]
Finished jobid: 97 (Rule: nnlm_to_fcsv)
126 of 158 steps (80%) done
Execute 1 jobs...
[Mon Aug 17 12:57:35 2026]
localrule nnlm_to_fcsv:
    input: work/sub-P182/ses-preop/afids-nnlm/sub-P182_ses-preop_acq-ax_run-01_coords.json, work/sub-P182/ses-preop/resample/sub-P182_ses-preop_acq-ax_run-01_res-100_desc-zscore_T1w.nii.gz
    output: sub-P182/ses-preop/afids-cnn/sub-P182_ses-preop_acq-ax_run-01_desc-afidscnn-nnlm_afids.fcsv
    jobid: 17
    reason: Missing output files: sub-P182/ses-preop/afids-cnn/sub-P182_ses-preop_acq-ax_run-01_desc-afidscnn-nnlm_afids.fcsv; Input files updated by another job: work/sub-P182/ses-preop/resample/sub-P182_ses-preop_acq-ax_run-01_res-100_desc-zscore_T1w.nii.gz, work/sub-P182/ses-preop/afids-nnlm/sub-P182_ses-preop_acq-ax_run-01_coords.json
    wildcards: subject=P182, session=preop, acq=ax, run=01
    resources: tmpdir=/localscratch/tmp
Activating conda environment: ../../../../localscratch/.cache/autoafids/conda/9b0ebefefdaf8f4c3064162c9af16ee6_
Select jobs to execute...
Activating conda environment: ../../../../localscratch/.cache/autoafids/conda/9b0ebefefdaf8f4c3064162c9af16ee6_
Activating conda environment: ../../../../localscratch/.cache/autoafids/conda/7e9941e9acc1503fed10fd844ea3118b_
Activating conda environment: ../../../../localscratch/.cache/autoafids/conda/9b0ebefefdaf8f4c3064162c9af16ee6_
[Mon Aug 17 12:57:37 2026]
Finished jobid: 57 (Rule: nnlm_to_fcsv)
127 of 158 steps (80%) done
Execute 1 jobs...
[Mon Aug 17 12:57:37 2026]
localrule stereotaxy:
    input: sub-P277/ses-preop/afids-cnn/sub-P277_ses-preop_acq-ax_run-01_desc-afidscnn-nnlm_afids.fcsv
    output: sub-P277/ses-preop/stereotaxy/sub-P277_ses-preop_acq-ax_run-01_desc-STN_native.fcsv, sub-P277/ses-preop/stereotaxy/sub-P277_ses-preop_acq-ax_run-01_desc-STN_mcp.fcsv, work/sub-P277/ses-preop/ACPCtransforms/sub-P277_ses-preop_acq-ax_run-01_desc-transform_ACPC.txt
    jobid: 143
    reason: Missing output files: sub-P277/ses-preop/stereotaxy/sub-P277_ses-preop_acq-ax_run-01_desc-STN_native.fcsv; Input files updated by another job: sub-P277/ses-preop/afids-cnn/sub-P277_ses-preop_acq-ax_run-01_desc-afidscnn-nnlm_afids.fcsv
    wildcards: subject=P277, session=preop, acq=ax, run=01
    resources: tmpdir=/localscratch/tmp
Activating conda environment: ../../../../localscratch/.cache/autoafids/conda/7e9941e9acc1503fed10fd844ea3118b_
Select jobs to execute...
[Mon Aug 17 12:57:37 2026]
Finished jobid: 137 (Rule: stereotaxy)
128 of 158 steps (81%) done
Execute 1 jobs...
[Mon Aug 17 12:57:37 2026]
localrule stereotaxy:
    input: sub-P328/ses-preop/afids-cnn/sub-P328_ses-preop_acq-ax_run-01_desc-afidscnn-nnlm_afids.fcsv
    output: sub-P328/ses-preop/stereotaxy/sub-P328_ses-preop_acq-ax_run-01_desc-STN_native.fcsv, sub-P328/ses-preop/stereotaxy/sub-P328_ses-preop_acq-ax_run-01_desc-STN_mcp.fcsv, work/sub-P328/ses-preop/ACPCtransforms/sub-P328_ses-preop_acq-ax_run-01_desc-transform_ACPC.txt
    jobid: 149
    reason: Missing output files: sub-P328/ses-preop/stereotaxy/sub-P328_ses-preop_acq-ax_run-01_desc-STN_native.fcsv; Input files updated by another job: sub-P328/ses-preop/afids-cnn/sub-P328_ses-preop_acq-ax_run-01_desc-afidscnn-nnlm_afids.fcsv
    wildcards: subject=P328, session=preop, acq=ax, run=01
    resources: tmpdir=/localscratch/tmp
Activating conda environment: ../../../../localscratch/.cache/autoafids/conda/7e9941e9acc1503fed10fd844ea3118b_
Select jobs to execute...
[Mon Aug 17 12:57:37 2026]
Finished jobid: 17 (Rule: nnlm_to_fcsv)
129 of 158 steps (82%) done
Execute 1 jobs...
[Mon Aug 17 12:57:37 2026]
localrule nnlm_to_fcsv:
    input: work/sub-P289/ses-preop/afids-nnlm/sub-P289_ses-preop_acq-ax_run-01_coords.json, work/sub-P289/ses-preop/resample/sub-P289_ses-preop_acq-ax_run-01_res-100_desc-zscore_T1w.nii.gz
    output: sub-P289/ses-preop/afids-cnn/sub-P289_ses-preop_acq-ax_run-01_desc-afidscnn-nnlm_afids.fcsv
    jobid: 67
    reason: Missing output files: sub-P289/ses-preop/afids-cnn/sub-P289_ses-preop_acq-ax_run-01_desc-afidscnn-nnlm_afids.fcsv; Input files updated by another job: work/sub-P289/ses-preop/resample/sub-P289_ses-preop_acq-ax_run-01_res-100_desc-zscore_T1w.nii.gz, work/sub-P289/ses-preop/afids-nnlm/sub-P289_ses-preop_acq-ax_run-01_coords.json
    wildcards: subject=P289, session=preop, acq=ax, run=01
    resources: tmpdir=/localscratch/tmp
Select jobs to execute...
Activating conda environment: ../../../../localscratch/.cache/autoafids/conda/9b0ebefefdaf8f4c3064162c9af16ee6_
Activating conda environment: ../../../../localscratch/.cache/autoafids/conda/7e9941e9acc1503fed10fd844ea3118b_
Activating conda environment: ../../../../localscratch/.cache/autoafids/conda/7e9941e9acc1503fed10fd844ea3118b_
[Mon Aug 17 12:57:38 2026]
Finished jobid: 156 (Rule: stereotaxy)
130 of 158 steps (82%) done
Execute 1 jobs...
[Mon Aug 17 12:57:38 2026]
localrule stereotaxy:
    input: sub-P352/ses-preop/afids-cnn/sub-P352_ses-preop_acq-ax_run-01_desc-afidscnn-nnlm_afids.fcsv
    output: sub-P352/ses-preop/stereotaxy/sub-P352_ses-preop_acq-ax_run-01_desc-STN_native.fcsv, sub-P352/ses-preop/stereotaxy/sub-P352_ses-preop_acq-ax_run-01_desc-STN_mcp.fcsv, work/sub-P352/ses-preop/ACPCtransforms/sub-P352_ses-preop_acq-ax_run-01_desc-transform_ACPC.txt
    jobid: 151
    reason: Missing output files: sub-P352/ses-preop/stereotaxy/sub-P352_ses-preop_acq-ax_run-01_desc-STN_native.fcsv; Input files updated by another job: sub-P352/ses-preop/afids-cnn/sub-P352_ses-preop_acq-ax_run-01_desc-afidscnn-nnlm_afids.fcsv
    wildcards: subject=P352, session=preop, acq=ax, run=01
    resources: tmpdir=/localscratch/tmp
Activating conda environment: ../../../../localscratch/.cache/autoafids/conda/7e9941e9acc1503fed10fd844ea3118b_
Select jobs to execute...
Activating conda environment: ../../../../localscratch/.cache/autoafids/conda/9b0ebefefdaf8f4c3064162c9af16ee6_
Activating conda environment: ../../../../localscratch/.cache/autoafids/conda/7e9941e9acc1503fed10fd844ea3118b_
[Mon Aug 17 12:57:39 2026]
Finished jobid: 67 (Rule: nnlm_to_fcsv)
131 of 158 steps (83%) done
Execute 1 jobs...
[Mon Aug 17 12:57:39 2026]
localrule nnlm_to_fcsv:
    input: work/sub-P256/ses-preop/afids-nnlm/sub-P256_ses-preop_acq-ax_run-01_coords.json, work/sub-P256/ses-preop/resample/sub-P256_ses-preop_acq-ax_run-01_res-100_desc-zscore_T1w.nii.gz
    output: sub-P256/ses-preop/afids-cnn/sub-P256_ses-preop_acq-ax_run-01_desc-afidscnn-nnlm_afids.fcsv
    jobid: 52
    reason: Missing output files: sub-P256/ses-preop/afids-cnn/sub-P256_ses-preop_acq-ax_run-01_desc-afidscnn-nnlm_afids.fcsv; Input files updated by another job: work/sub-P256/ses-preop/afids-nnlm/sub-P256_ses-preop_acq-ax_run-01_coords.json, work/sub-P256/ses-preop/resample/sub-P256_ses-preop_acq-ax_run-01_res-100_desc-zscore_T1w.nii.gz
    wildcards: subject=P256, session=preop, acq=ax, run=01
    resources: tmpdir=/localscratch/tmp
Activating conda environment: ../../../../localscratch/.cache/autoafids/conda/9b0ebefefdaf8f4c3064162c9af16ee6_
Select jobs to execute...
[Mon Aug 17 12:57:39 2026]
Finished jobid: 149 (Rule: stereotaxy)
132 of 158 steps (84%) done
Execute 1 jobs...
[Mon Aug 17 12:57:39 2026]
localrule stereotaxy:
    input: sub-P281/ses-preop/afids-cnn/sub-P281_ses-preop_acq-ax_run-01_desc-afidscnn-nnlm_afids.fcsv
    output: sub-P281/ses-preop/stereotaxy/sub-P281_ses-preop_acq-ax_run-01_desc-STN_native.fcsv, sub-P281/ses-preop/stereotaxy/sub-P281_ses-preop_acq-ax_run-01_desc-STN_mcp.fcsv, work/sub-P281/ses-preop/ACPCtransforms/sub-P281_ses-preop_acq-ax_run-01_desc-transform_ACPC.txt
    jobid: 144
    reason: Missing output files: sub-P281/ses-preop/stereotaxy/sub-P281_ses-preop_acq-ax_run-01_desc-STN_native.fcsv; Input files updated by another job: sub-P281/ses-preop/afids-cnn/sub-P281_ses-preop_acq-ax_run-01_desc-afidscnn-nnlm_afids.fcsv
    wildcards: subject=P281, session=preop, acq=ax, run=01
    resources: tmpdir=/localscratch/tmp
Select jobs to execute...
Activating conda environment: ../../../../localscratch/.cache/autoafids/conda/7e9941e9acc1503fed10fd844ea3118b_
[Mon Aug 17 12:57:40 2026]
Finished jobid: 143 (Rule: stereotaxy)
133 of 158 steps (84%) done
Activating conda environment: ../../../../localscratch/.cache/autoafids/conda/9b0ebefefdaf8f4c3064162c9af16ee6_
Execute 1 jobs...
[Mon Aug 17 12:57:40 2026]
localrule stereotaxy:
    input: sub-P289/ses-preop/afids-cnn/sub-P289_ses-preop_acq-ax_run-01_desc-afidscnn-nnlm_afids.fcsv
    output: sub-P289/ses-preop/stereotaxy/sub-P289_ses-preop_acq-ax_run-01_desc-STN_native.fcsv, sub-P289/ses-preop/stereotaxy/sub-P289_ses-preop_acq-ax_run-01_desc-STN_mcp.fcsv, work/sub-P289/ses-preop/ACPCtransforms/sub-P289_ses-preop_acq-ax_run-01_desc-transform_ACPC.txt
    jobid: 145
    reason: Missing output files: sub-P289/ses-preop/stereotaxy/sub-P289_ses-preop_acq-ax_run-01_desc-STN_native.fcsv; Input files updated by another job: sub-P289/ses-preop/afids-cnn/sub-P289_ses-preop_acq-ax_run-01_desc-afidscnn-nnlm_afids.fcsv
    wildcards: subject=P289, session=preop, acq=ax, run=01
    resources: tmpdir=/localscratch/tmp
Activating conda environment: ../../../../localscratch/.cache/autoafids/conda/7e9941e9acc1503fed10fd844ea3118b_
Select jobs to execute...
Activating conda environment: ../../../../localscratch/.cache/autoafids/conda/7e9941e9acc1503fed10fd844ea3118b_
Activating conda environment: ../../../../localscratch/.cache/autoafids/conda/7e9941e9acc1503fed10fd844ea3118b_
[Mon Aug 17 12:57:41 2026]
Finished jobid: 52 (Rule: nnlm_to_fcsv)
134 of 158 steps (85%) done
Execute 1 jobs...
[Mon Aug 17 12:57:41 2026]
localrule stereotaxy:
    input: sub-P256/ses-preop/afids-cnn/sub-P256_ses-preop_acq-ax_run-01_desc-afidscnn-nnlm_afids.fcsv
    output: sub-P256/ses-preop/stereotaxy/sub-P256_ses-preop_acq-ax_run-01_desc-STN_native.fcsv, sub-P256/ses-preop/stereotaxy/sub-P256_ses-preop_acq-ax_run-01_desc-STN_mcp.fcsv, work/sub-P256/ses-preop/ACPCtransforms/sub-P256_ses-preop_acq-ax_run-01_desc-transform_ACPC.txt
    jobid: 142
    reason: Missing output files: sub-P256/ses-preop/stereotaxy/sub-P256_ses-preop_acq-ax_run-01_desc-STN_native.fcsv; Input files updated by another job: sub-P256/ses-preop/afids-cnn/sub-P256_ses-preop_acq-ax_run-01_desc-afidscnn-nnlm_afids.fcsv
    wildcards: subject=P256, session=preop, acq=ax, run=01
    resources: tmpdir=/localscratch/tmp
Select jobs to execute...
Activating conda environment: ../../../../localscratch/.cache/autoafids/conda/7e9941e9acc1503fed10fd844ea3118b_
[Mon Aug 17 12:57:41 2026]
Finished jobid: 151 (Rule: stereotaxy)
135 of 158 steps (85%) done
Execute 1 jobs...
[Mon Aug 17 12:57:41 2026]
localrule stereotaxy:
    input: sub-P182/ses-preop/afids-cnn/sub-P182_ses-preop_acq-ax_run-01_desc-afidscnn-nnlm_afids.fcsv
    output: sub-P182/ses-preop/stereotaxy/sub-P182_ses-preop_acq-ax_run-01_desc-STN_native.fcsv, sub-P182/ses-preop/stereotaxy/sub-P182_ses-preop_acq-ax_run-01_desc-STN_mcp.fcsv, work/sub-P182/ses-preop/ACPCtransforms/sub-P182_ses-preop_acq-ax_run-01_desc-transform_ACPC.txt
    jobid: 135
    reason: Missing output files: sub-P182/ses-preop/stereotaxy/sub-P182_ses-preop_acq-ax_run-01_desc-STN_native.fcsv; Input files updated by another job: sub-P182/ses-preop/afids-cnn/sub-P182_ses-preop_acq-ax_run-01_desc-afidscnn-nnlm_afids.fcsv
    wildcards: subject=P182, session=preop, acq=ax, run=01
    resources: tmpdir=/localscratch/tmp
Activating conda environment: ../../../../localscratch/.cache/autoafids/conda/7e9941e9acc1503fed10fd844ea3118b_
Select jobs to execute...
Activating conda environment: ../../../../localscratch/.cache/autoafids/conda/7e9941e9acc1503fed10fd844ea3118b_
Activating conda environment: ../../../../localscratch/.cache/autoafids/conda/7e9941e9acc1503fed10fd844ea3118b_
[Mon Aug 17 12:57:42 2026]
Finished jobid: 144 (Rule: stereotaxy)
136 of 158 steps (86%) done
Execute 1 jobs...
[Mon Aug 17 12:57:42 2026]
localrule stereotaxy:
    input: sub-P350/ses-preop/afids-cnn/sub-P350_ses-preop_acq-ax_run-01_desc-afidscnn-nnlm_afids.fcsv
    output: sub-P350/ses-preop/stereotaxy/sub-P350_ses-preop_acq-ax_run-01_desc-STN_native.fcsv, sub-P350/ses-preop/stereotaxy/sub-P350_ses-preop_acq-ax_run-01_desc-STN_mcp.fcsv, work/sub-P350/ses-preop/ACPCtransforms/sub-P350_ses-preop_acq-ax_run-01_desc-transform_ACPC.txt
    jobid: 150
    reason: Missing output files: sub-P350/ses-preop/stereotaxy/sub-P350_ses-preop_acq-ax_run-01_desc-STN_native.fcsv; Input files updated by another job: sub-P350/ses-preop/afids-cnn/sub-P350_ses-preop_acq-ax_run-01_desc-afidscnn-nnlm_afids.fcsv
    wildcards: subject=P350, session=preop, acq=ax, run=01
    resources: tmpdir=/localscratch/tmp
Activating conda environment: ../../../../localscratch/.cache/autoafids/conda/7e9941e9acc1503fed10fd844ea3118b_
Select jobs to execute...
[Mon Aug 17 12:57:43 2026]
Finished jobid: 145 (Rule: stereotaxy)
137 of 158 steps (87%) done
Execute 1 jobs...
[Mon Aug 17 12:57:43 2026]
localrule nnlm_to_fcsv:
    input: work/sub-P353/ses-preop/afids-nnlm/sub-P353_ses-preop_acq-ax_run-01_coords.json, work/sub-P353/ses-preop/resample/sub-P353_ses-preop_acq-ax_run-01_res-100_desc-zscore_T1w.nii.gz
    output: sub-P353/ses-preop/afids-cnn/sub-P353_ses-preop_acq-ax_run-01_desc-afidscnn-nnlm_afids.fcsv
    jobid: 102
    reason: Missing output files: sub-P353/ses-preop/afids-cnn/sub-P353_ses-preop_acq-ax_run-01_desc-afidscnn-nnlm_afids.fcsv; Input files updated by another job: work/sub-P353/ses-preop/resample/sub-P353_ses-preop_acq-ax_run-01_res-100_desc-zscore_T1w.nii.gz, work/sub-P353/ses-preop/afids-nnlm/sub-P353_ses-preop_acq-ax_run-01_coords.json
    wildcards: subject=P353, session=preop, acq=ax, run=01
    resources: tmpdir=/localscratch/tmp
Activating conda environment: ../../../../localscratch/.cache/autoafids/conda/9b0ebefefdaf8f4c3064162c9af16ee6_
Select jobs to execute...
Activating conda environment: ../../../../localscratch/.cache/autoafids/conda/7e9941e9acc1503fed10fd844ea3118b_
Activating conda environment: ../../../../localscratch/.cache/autoafids/conda/9b0ebefefdaf8f4c3064162c9af16ee6_
[Mon Aug 17 12:57:44 2026]
Finished jobid: 135 (Rule: stereotaxy)
138 of 158 steps (87%) done
Execute 1 jobs...
[Mon Aug 17 12:57:44 2026]
localrule nnlm_to_fcsv:
    input: work/sub-P221/ses-preop/afids-nnlm/sub-P221_ses-preop_acq-ax_run-01_coords.json, work/sub-P221/ses-preop/resample/sub-P221_ses-preop_acq-ax_run-01_res-100_desc-zscore_T1w.nii.gz
    output: sub-P221/ses-preop/afids-cnn/sub-P221_ses-preop_acq-ax_run-01_desc-afidscnn-nnlm_afids.fcsv
    jobid: 47
    reason: Missing output files: sub-P221/ses-preop/afids-cnn/sub-P221_ses-preop_acq-ax_run-01_desc-afidscnn-nnlm_afids.fcsv; Input files updated by another job: work/sub-P221/ses-preop/afids-nnlm/sub-P221_ses-preop_acq-ax_run-01_coords.json, work/sub-P221/ses-preop/resample/sub-P221_ses-preop_acq-ax_run-01_res-100_desc-zscore_T1w.nii.gz
    wildcards: subject=P221, session=preop, acq=ax, run=01
    resources: tmpdir=/localscratch/tmp
Select jobs to execute...
Activating conda environment: ../../../../localscratch/.cache/autoafids/conda/9b0ebefefdaf8f4c3064162c9af16ee6_
[Mon Aug 17 12:57:45 2026]
Finished jobid: 142 (Rule: stereotaxy)
139 of 158 steps (88%) done
Execute 1 jobs...
[Mon Aug 17 12:57:45 2026]
localrule stereotaxy:
    input: sub-P310/ses-preop/afids-cnn/sub-P310_ses-preop_acq-ax_run-01_desc-afidscnn-nnlm_afids.fcsv
    output: sub-P310/ses-preop/stereotaxy/sub-P310_ses-preop_acq-ax_run-01_desc-STN_native.fcsv, sub-P310/ses-preop/stereotaxy/sub-P310_ses-preop_acq-ax_run-01_desc-STN_mcp.fcsv, work/sub-P310/ses-preop/ACPCtransforms/sub-P310_ses-preop_acq-ax_run-01_desc-transform_ACPC.txt
    jobid: 148
    reason: Missing output files: sub-P310/ses-preop/stereotaxy/sub-P310_ses-preop_acq-ax_run-01_desc-STN_native.fcsv; Input files updated by another job: sub-P310/ses-preop/afids-cnn/sub-P310_ses-preop_acq-ax_run-01_desc-afidscnn-nnlm_afids.fcsv
    wildcards: subject=P310, session=preop, acq=ax, run=01
    resources: tmpdir=/localscratch/tmp
Activating conda environment: ../../../../localscratch/.cache/autoafids/conda/7e9941e9acc1503fed10fd844ea3118b_
Select jobs to execute...
[Mon Aug 17 12:57:45 2026]
Finished jobid: 102 (Rule: nnlm_to_fcsv)
140 of 158 steps (89%) done
Activating conda environment: ../../../../localscratch/.cache/autoafids/conda/9b0ebefefdaf8f4c3064162c9af16ee6_
Execute 1 jobs...
[Mon Aug 17 12:57:45 2026]
localrule nnlm_to_fcsv:
    input: work/sub-P374/ses-preop/afids-nnlm/sub-P374_ses-preop_acq-ax_run-01_coords.json, work/sub-P374/ses-preop/resample/sub-P374_ses-preop_acq-ax_run-01_res-100_desc-zscore_T1w.nii.gz
    output: sub-P374/ses-preop/afids-cnn/sub-P374_ses-preop_acq-ax_run-01_desc-afidscnn-nnlm_afids.fcsv
    jobid: 127
    reason: Missing output files: sub-P374/ses-preop/afids-cnn/sub-P374_ses-preop_acq-ax_run-01_desc-afidscnn-nnlm_afids.fcsv; Input files updated by another job: work/sub-P374/ses-preop/afids-nnlm/sub-P374_ses-preop_acq-ax_run-01_coords.json, work/sub-P374/ses-preop/resample/sub-P374_ses-preop_acq-ax_run-01_res-100_desc-zscore_T1w.nii.gz
    wildcards: subject=P374, session=preop, acq=ax, run=01
    resources: tmpdir=/localscratch/tmp
Select jobs to execute...
Activating conda environment: ../../../../localscratch/.cache/autoafids/conda/9b0ebefefdaf8f4c3064162c9af16ee6_
[Mon Aug 17 12:57:45 2026]
Finished jobid: 150 (Rule: stereotaxy)
141 of 158 steps (89%) done
Execute 1 jobs...
[Mon Aug 17 12:57:46 2026]
localrule stereotaxy:
    input: sub-P167/ses-preop/afids-cnn/sub-P167_ses-preop_acq-ax_run-01_desc-afidscnn-nnlm_afids.fcsv
    output: sub-P167/ses-preop/stereotaxy/sub-P167_ses-preop_acq-ax_run-01_desc-STN_native.fcsv, sub-P167/ses-preop/stereotaxy/sub-P167_ses-preop_acq-ax_run-01_desc-STN_mcp.fcsv, work/sub-P167/ses-preop/ACPCtransforms/sub-P167_ses-preop_acq-ax_run-01_desc-transform_ACPC.txt
    jobid: 133
    reason: Missing output files: sub-P167/ses-preop/stereotaxy/sub-P167_ses-preop_acq-ax_run-01_desc-STN_native.fcsv; Input files updated by another job: sub-P167/ses-preop/afids-cnn/sub-P167_ses-preop_acq-ax_run-01_desc-afidscnn-nnlm_afids.fcsv
    wildcards: subject=P167, session=preop, acq=ax, run=01
    resources: tmpdir=/localscratch/tmp
Activating conda environment: ../../../../localscratch/.cache/autoafids/conda/7e9941e9acc1503fed10fd844ea3118b_
Select jobs to execute...
Activating conda environment: ../../../../localscratch/.cache/autoafids/conda/7e9941e9acc1503fed10fd844ea3118b_
Activating conda environment: ../../../../localscratch/.cache/autoafids/conda/9b0ebefefdaf8f4c3064162c9af16ee6_
[Mon Aug 17 12:57:46 2026]
Finished jobid: 47 (Rule: nnlm_to_fcsv)
142 of 158 steps (90%) done
Execute 1 jobs...
[Mon Aug 17 12:57:46 2026]
localrule stereotaxy:
    input: sub-P221/ses-preop/afids-cnn/sub-P221_ses-preop_acq-ax_run-01_desc-afidscnn-nnlm_afids.fcsv
    output: sub-P221/ses-preop/stereotaxy/sub-P221_ses-preop_acq-ax_run-01_desc-STN_native.fcsv, sub-P221/ses-preop/stereotaxy/sub-P221_ses-preop_acq-ax_run-01_desc-STN_mcp.fcsv, work/sub-P221/ses-preop/ACPCtransforms/sub-P221_ses-preop_acq-ax_run-01_desc-transform_ACPC.txt
    jobid: 141
    reason: Missing output files: sub-P221/ses-preop/stereotaxy/sub-P221_ses-preop_acq-ax_run-01_desc-STN_native.fcsv; Input files updated by another job: sub-P221/ses-preop/afids-cnn/sub-P221_ses-preop_acq-ax_run-01_desc-afidscnn-nnlm_afids.fcsv
    wildcards: subject=P221, session=preop, acq=ax, run=01
    resources: tmpdir=/localscratch/tmp
Activating conda environment: ../../../../localscratch/.cache/autoafids/conda/7e9941e9acc1503fed10fd844ea3118b_
Activating conda environment: ../../../../localscratch/.cache/autoafids/conda/7e9941e9acc1503fed10fd844ea3118b_
Select jobs to execute...
[Mon Aug 17 12:57:47 2026]
Finished jobid: 127 (Rule: nnlm_to_fcsv)
143 of 158 steps (91%) done
Execute 1 jobs...
[Mon Aug 17 12:57:47 2026]
localrule stereotaxy:
    input: sub-P374/ses-preop/afids-cnn/sub-P374_ses-preop_acq-ax_run-01_desc-afidscnn-nnlm_afids.fcsv
    output: sub-P374/ses-preop/stereotaxy/sub-P374_ses-preop_acq-ax_run-01_desc-STN_native.fcsv, sub-P374/ses-preop/stereotaxy/sub-P374_ses-preop_acq-ax_run-01_desc-STN_mcp.fcsv, work/sub-P374/ses-preop/ACPCtransforms/sub-P374_ses-preop_acq-ax_run-01_desc-transform_ACPC.txt
    jobid: 157
    reason: Missing output files: sub-P374/ses-preop/stereotaxy/sub-P374_ses-preop_acq-ax_run-01_desc-STN_native.fcsv; Input files updated by another job: sub-P374/ses-preop/afids-cnn/sub-P374_ses-preop_acq-ax_run-01_desc-afidscnn-nnlm_afids.fcsv
    wildcards: subject=P374, session=preop, acq=ax, run=01
    resources: tmpdir=/localscratch/tmp
Activating conda environment: ../../../../localscratch/.cache/autoafids/conda/7e9941e9acc1503fed10fd844ea3118b_
Select jobs to execute...
Activating conda environment: ../../../../localscratch/.cache/autoafids/conda/7e9941e9acc1503fed10fd844ea3118b_
Activating conda environment: ../../../../localscratch/.cache/autoafids/conda/7e9941e9acc1503fed10fd844ea3118b_
[Mon Aug 17 12:57:48 2026]
Finished jobid: 148 (Rule: stereotaxy)
144 of 158 steps (91%) done
Execute 1 jobs...
[Mon Aug 17 12:57:48 2026]
localrule stereotaxy:
    input: sub-P353/ses-preop/afids-cnn/sub-P353_ses-preop_acq-ax_run-01_desc-afidscnn-nnlm_afids.fcsv
    output: sub-P353/ses-preop/stereotaxy/sub-P353_ses-preop_acq-ax_run-01_desc-STN_native.fcsv, sub-P353/ses-preop/stereotaxy/sub-P353_ses-preop_acq-ax_run-01_desc-STN_mcp.fcsv, work/sub-P353/ses-preop/ACPCtransforms/sub-P353_ses-preop_acq-ax_run-01_desc-transform_ACPC.txt
    jobid: 152
    reason: Missing output files: sub-P353/ses-preop/stereotaxy/sub-P353_ses-preop_acq-ax_run-01_desc-STN_native.fcsv; Input files updated by another job: sub-P353/ses-preop/afids-cnn/sub-P353_ses-preop_acq-ax_run-01_desc-afidscnn-nnlm_afids.fcsv
    wildcards: subject=P353, session=preop, acq=ax, run=01
    resources: tmpdir=/localscratch/tmp
Activating conda environment: ../../../../localscratch/.cache/autoafids/conda/7e9941e9acc1503fed10fd844ea3118b_
Select jobs to execute...
Activating conda environment: ../../../../localscratch/.cache/autoafids/conda/7e9941e9acc1503fed10fd844ea3118b_
[Mon Aug 17 12:57:49 2026]
Finished jobid: 133 (Rule: stereotaxy)
145 of 158 steps (92%) done
[Mon Aug 17 12:57:50 2026]
Finished jobid: 141 (Rule: stereotaxy)
146 of 158 steps (92%) done
[Mon Aug 17 12:57:50 2026]
Finished jobid: 157 (Rule: stereotaxy)
147 of 158 steps (93%) done
[Mon Aug 17 12:57:51 2026]
Finished jobid: 152 (Rule: stereotaxy)
148 of 158 steps (94%) done
Execute 1 jobs...
[Mon Aug 17 12:57:51 2026]
localrule run_nnlm:
    input: work/sub-P355/ses-preop/resample/sub-P355_ses-preop_acq-ax_run-01_res-100_desc-zscore_T1w.nii.gz, /localscratch/.cache/autoafids/models/nnlm
    output: work/sub-P355/ses-preop/afids-nnlm/sub-P355_ses-preop_acq-ax_run-01_dseg.nii.gz, work/sub-P355/ses-preop/afids-nnlm/sub-P355_ses-preop_acq-ax_run-01_coords.json
    log: logs/sub-P355/ses-preop/sub-P355_ses-preop_acq-ax_run-01_nnlm.log
    jobid: 108
    reason: Missing output files: work/sub-P355/ses-preop/afids-nnlm/sub-P355_ses-preop_acq-ax_run-01_coords.json; Input files updated by another job: work/sub-P355/ses-preop/resample/sub-P355_ses-preop_acq-ax_run-01_res-100_desc-zscore_T1w.nii.gz, /localscratch/.cache/autoafids/models/nnlm
    wildcards: subject=P355, session=preop, acq=ax, run=01
    threads: 4
    resources: tmpdir=/localscratch/tmp, gpus=0, mem_mb=16000, mem_mib=15259
Activating conda environment: ../../../../localscratch/.cache/autoafids/conda/6ee0e8c060cc6e84267c0f99faf11702_
[Mon Aug 17 13:02:34 2026]
Finished jobid: 113 (Rule: run_nnlm)
149 of 158 steps (94%) done
Select jobs to execute...
Execute 1 jobs...
[Mon Aug 17 13:02:34 2026]
localrule nnlm_to_fcsv:
    input: work/sub-P359/ses-preop/afids-nnlm/sub-P359_ses-preop_acq-ax_run-01_coords.json, work/sub-P359/ses-preop/resample/sub-P359_ses-preop_acq-ax_run-01_res-100_desc-zscore_T1w.nii.gz
    output: sub-P359/ses-preop/afids-cnn/sub-P359_ses-preop_acq-ax_run-01_desc-afidscnn-nnlm_afids.fcsv
    jobid: 112
    reason: Missing output files: sub-P359/ses-preop/afids-cnn/sub-P359_ses-preop_acq-ax_run-01_desc-afidscnn-nnlm_afids.fcsv; Input files updated by another job: work/sub-P359/ses-preop/resample/sub-P359_ses-preop_acq-ax_run-01_res-100_desc-zscore_T1w.nii.gz, work/sub-P359/ses-preop/afids-nnlm/sub-P359_ses-preop_acq-ax_run-01_coords.json
    wildcards: subject=P359, session=preop, acq=ax, run=01
    resources: tmpdir=/localscratch/tmp
Activating conda environment: ../../../../localscratch/.cache/autoafids/conda/9b0ebefefdaf8f4c3064162c9af16ee6_
Activating conda environment: ../../../../localscratch/.cache/autoafids/conda/9b0ebefefdaf8f4c3064162c9af16ee6_
[Mon Aug 17 13:02:36 2026]
Finished jobid: 112 (Rule: nnlm_to_fcsv)
150 of 158 steps (95%) done
Select jobs to execute...
Execute 1 jobs...
[Mon Aug 17 13:02:36 2026]
localrule stereotaxy:
    input: sub-P359/ses-preop/afids-cnn/sub-P359_ses-preop_acq-ax_run-01_desc-afidscnn-nnlm_afids.fcsv
    output: sub-P359/ses-preop/stereotaxy/sub-P359_ses-preop_acq-ax_run-01_desc-STN_native.fcsv, sub-P359/ses-preop/stereotaxy/sub-P359_ses-preop_acq-ax_run-01_desc-STN_mcp.fcsv, work/sub-P359/ses-preop/ACPCtransforms/sub-P359_ses-preop_acq-ax_run-01_desc-transform_ACPC.txt
    jobid: 154
    reason: Missing output files: sub-P359/ses-preop/stereotaxy/sub-P359_ses-preop_acq-ax_run-01_desc-STN_native.fcsv; Input files updated by another job: sub-P359/ses-preop/afids-cnn/sub-P359_ses-preop_acq-ax_run-01_desc-afidscnn-nnlm_afids.fcsv
    wildcards: subject=P359, session=preop, acq=ax, run=01
    resources: tmpdir=/localscratch/tmp
Activating conda environment: ../../../../localscratch/.cache/autoafids/conda/7e9941e9acc1503fed10fd844ea3118b_
Activating conda environment: ../../../../localscratch/.cache/autoafids/conda/7e9941e9acc1503fed10fd844ea3118b_
[Mon Aug 17 13:02:39 2026]
Finished jobid: 154 (Rule: stereotaxy)
151 of 158 steps (96%) done
[Mon Aug 17 13:04:09 2026]
Finished jobid: 73 (Rule: run_nnlm)
152 of 158 steps (96%) done
Select jobs to execute...
Execute 1 jobs...
[Mon Aug 17 13:04:09 2026]
localrule nnlm_to_fcsv:
    input: work/sub-P292/ses-preop/afids-nnlm/sub-P292_ses-preop_acq-ax_run-01_coords.json, work/sub-P292/ses-preop/resample/sub-P292_ses-preop_acq-ax_run-01_res-100_desc-zscore_T1w.nii.gz
    output: sub-P292/ses-preop/afids-cnn/sub-P292_ses-preop_acq-ax_run-01_desc-afidscnn-nnlm_afids.fcsv
    jobid: 72
    reason: Missing output files: sub-P292/ses-preop/afids-cnn/sub-P292_ses-preop_acq-ax_run-01_desc-afidscnn-nnlm_afids.fcsv; Input files updated by another job: work/sub-P292/ses-preop/resample/sub-P292_ses-preop_acq-ax_run-01_res-100_desc-zscore_T1w.nii.gz, work/sub-P292/ses-preop/afids-nnlm/sub-P292_ses-preop_acq-ax_run-01_coords.json
    wildcards: subject=P292, session=preop, acq=ax, run=01
    resources: tmpdir=/localscratch/tmp
Activating conda environment: ../../../../localscratch/.cache/autoafids/conda/9b0ebefefdaf8f4c3064162c9af16ee6_
Activating conda environment: ../../../../localscratch/.cache/autoafids/conda/9b0ebefefdaf8f4c3064162c9af16ee6_
[Mon Aug 17 13:04:10 2026]
Finished jobid: 72 (Rule: nnlm_to_fcsv)
153 of 158 steps (97%) done
Select jobs to execute...
Execute 1 jobs...
[Mon Aug 17 13:04:10 2026]
localrule stereotaxy:
    input: sub-P292/ses-preop/afids-cnn/sub-P292_ses-preop_acq-ax_run-01_desc-afidscnn-nnlm_afids.fcsv
    output: sub-P292/ses-preop/stereotaxy/sub-P292_ses-preop_acq-ax_run-01_desc-STN_native.fcsv, sub-P292/ses-preop/stereotaxy/sub-P292_ses-preop_acq-ax_run-01_desc-STN_mcp.fcsv, work/sub-P292/ses-preop/ACPCtransforms/sub-P292_ses-preop_acq-ax_run-01_desc-transform_ACPC.txt
    jobid: 146
    reason: Missing output files: sub-P292/ses-preop/stereotaxy/sub-P292_ses-preop_acq-ax_run-01_desc-STN_native.fcsv; Input files updated by another job: sub-P292/ses-preop/afids-cnn/sub-P292_ses-preop_acq-ax_run-01_desc-afidscnn-nnlm_afids.fcsv
    wildcards: subject=P292, session=preop, acq=ax, run=01
    resources: tmpdir=/localscratch/tmp
Activating conda environment: ../../../../localscratch/.cache/autoafids/conda/7e9941e9acc1503fed10fd844ea3118b_
Activating conda environment: ../../../../localscratch/.cache/autoafids/conda/7e9941e9acc1503fed10fd844ea3118b_
[Mon Aug 17 13:04:12 2026]
Finished jobid: 146 (Rule: stereotaxy)
154 of 158 steps (97%) done
[Mon Aug 17 13:04:19 2026]
Finished jobid: 108 (Rule: run_nnlm)
155 of 158 steps (98%) done
Select jobs to execute...
Execute 1 jobs...
[Mon Aug 17 13:04:19 2026]
localrule nnlm_to_fcsv:
    input: work/sub-P355/ses-preop/afids-nnlm/sub-P355_ses-preop_acq-ax_run-01_coords.json, work/sub-P355/ses-preop/resample/sub-P355_ses-preop_acq-ax_run-01_res-100_desc-zscore_T1w.nii.gz
    output: sub-P355/ses-preop/afids-cnn/sub-P355_ses-preop_acq-ax_run-01_desc-afidscnn-nnlm_afids.fcsv
    jobid: 107
    reason: Missing output files: sub-P355/ses-preop/afids-cnn/sub-P355_ses-preop_acq-ax_run-01_desc-afidscnn-nnlm_afids.fcsv; Input files updated by another job: work/sub-P355/ses-preop/afids-nnlm/sub-P355_ses-preop_acq-ax_run-01_coords.json, work/sub-P355/ses-preop/resample/sub-P355_ses-preop_acq-ax_run-01_res-100_desc-zscore_T1w.nii.gz
    wildcards: subject=P355, session=preop, acq=ax, run=01
    resources: tmpdir=/localscratch/tmp
Activating conda environment: ../../../../localscratch/.cache/autoafids/conda/9b0ebefefdaf8f4c3064162c9af16ee6_
Activating conda environment: ../../../../localscratch/.cache/autoafids/conda/9b0ebefefdaf8f4c3064162c9af16ee6_
[Mon Aug 17 13:04:20 2026]
Finished jobid: 107 (Rule: nnlm_to_fcsv)
156 of 158 steps (99%) done
Select jobs to execute...
Execute 1 jobs...
[Mon Aug 17 13:04:20 2026]
localrule stereotaxy:
    input: sub-P355/ses-preop/afids-cnn/sub-P355_ses-preop_acq-ax_run-01_desc-afidscnn-nnlm_afids.fcsv
    output: sub-P355/ses-preop/stereotaxy/sub-P355_ses-preop_acq-ax_run-01_desc-STN_native.fcsv, sub-P355/ses-preop/stereotaxy/sub-P355_ses-preop_acq-ax_run-01_desc-STN_mcp.fcsv, work/sub-P355/ses-preop/ACPCtransforms/sub-P355_ses-preop_acq-ax_run-01_desc-transform_ACPC.txt
    jobid: 153
    reason: Missing output files: sub-P355/ses-preop/stereotaxy/sub-P355_ses-preop_acq-ax_run-01_desc-STN_native.fcsv; Input files updated by another job: sub-P355/ses-preop/afids-cnn/sub-P355_ses-preop_acq-ax_run-01_desc-afidscnn-nnlm_afids.fcsv
    wildcards: subject=P355, session=preop, acq=ax, run=01
    resources: tmpdir=/localscratch/tmp
Activating conda environment: ../../../../localscratch/.cache/autoafids/conda/7e9941e9acc1503fed10fd844ea3118b_
Activating conda environment: ../../../../localscratch/.cache/autoafids/conda/7e9941e9acc1503fed10fd844ea3118b_
[Mon Aug 17 13:04:22 2026]
Finished jobid: 153 (Rule: stereotaxy)
157 of 158 steps (99%) done
Select jobs to execute...
Execute 1 jobs...
[Mon Aug 17 13:04:22 2026]
localrule all:
    input: sub-P165/ses-preop/afids-cnn/sub-P165_ses-preop_acq-ax_run-01_desc-afidscnn-nnlm_afids.fcsv, sub-P167/ses-preop/afids-cnn/sub-P167_ses-preop_acq-ax_run-01_desc-afidscnn-nnlm_afids.fcsv, sub-P175/ses-preop/afids-cnn/sub-P175_ses-preop_acq-ax_run-01_desc-afidscnn-nnlm_afids.fcsv, sub-P182/ses-preop/afids-cnn/sub-P182_ses-preop_acq-ax_run-01_desc-afidscnn-nnlm_afids.fcsv, sub-P193/ses-preop/afids-cnn/sub-P193_ses-preop_acq-ax_run-01_desc-afidscnn-nnlm_afids.fcsv, sub-P202/ses-preop/afids-cnn/sub-P202_ses-preop_acq-ax_run-01_desc-afidscnn-nnlm_afids.fcsv, sub-P205/ses-preop/afids-cnn/sub-P205_ses-preop_acq-ax_run-01_desc-afidscnn-nnlm_afids.fcsv, sub-P213/ses-preop/afids-cnn/sub-P213_ses-preop_acq-ax_run-01_desc-afidscnn-nnlm_afids.fcsv, sub-P214/ses-preop/afids-cnn/sub-P214_ses-preop_acq-ax_run-01_desc-afidscnn-nnlm_afids.fcsv, sub-P221/ses-preop/afids-cnn/sub-P221_ses-preop_acq-ax_run-01_desc-afidscnn-nnlm_afids.fcsv, sub-P256/ses-preop/afids-cnn/sub-P256_ses-preop_acq-ax_run-01_desc-afidscnn-nnlm_afids.fcsv, sub-P277/ses-preop/afids-cnn/sub-P277_ses-preop_acq-ax_run-01_desc-afidscnn-nnlm_afids.fcsv, sub-P281/ses-preop/afids-cnn/sub-P281_ses-preop_acq-ax_run-01_desc-afidscnn-nnlm_afids.fcsv, sub-P289/ses-preop/afids-cnn/sub-P289_ses-preop_acq-ax_run-01_desc-afidscnn-nnlm_afids.fcsv, sub-P292/ses-preop/afids-cnn/sub-P292_ses-preop_acq-ax_run-01_desc-afidscnn-nnlm_afids.fcsv, sub-P293/ses-preop/afids-cnn/sub-P293_ses-preop_acq-ax_run-01_desc-afidscnn-nnlm_afids.fcsv, sub-P310/ses-preop/afids-cnn/sub-P310_ses-preop_acq-ax_run-01_desc-afidscnn-nnlm_afids.fcsv, sub-P328/ses-preop/afids-cnn/sub-P328_ses-preop_acq-ax_run-01_desc-afidscnn-nnlm_afids.fcsv, sub-P350/ses-preop/afids-cnn/sub-P350_ses-preop_acq-ax_run-01_desc-afidscnn-nnlm_afids.fcsv, sub-P352/ses-preop/afids-cnn/sub-P352_ses-preop_acq-ax_run-01_desc-afidscnn-nnlm_afids.fcsv, sub-P353/ses-preop/afids-cnn/sub-P353_ses-preop_acq-ax_run-01_desc-afidscnn-nnlm_afids.fcsv, sub-P355/ses-preop/afids-cnn/sub-P355_ses-preop_acq-ax_run-01_desc-afidscnn-nnlm_afids.fcsv, sub-P359/ses-preop/afids-cnn/sub-P359_ses-preop_acq-ax_run-01_desc-afidscnn-nnlm_afids.fcsv, sub-P367/ses-preop/afids-cnn/sub-P367_ses-preop_acq-ax_run-01_desc-afidscnn-nnlm_afids.fcsv, sub-P369/ses-preop/afids-cnn/sub-P369_ses-preop_acq-ax_run-01_desc-afidscnn-nnlm_afids.fcsv, sub-P374/ses-preop/afids-cnn/sub-P374_ses-preop_acq-ax_run-01_desc-afidscnn-nnlm_afids.fcsv, sub-P165/ses-preop/stereotaxy/sub-P165_ses-preop_acq-ax_run-01_desc-STN_native.fcsv, sub-P167/ses-preop/stereotaxy/sub-P167_ses-preop_acq-ax_run-01_desc-STN_native.fcsv, sub-P175/ses-preop/stereotaxy/sub-P175_ses-preop_acq-ax_run-01_desc-STN_native.fcsv, sub-P182/ses-preop/stereotaxy/sub-P182_ses-preop_acq-ax_run-01_desc-STN_native.fcsv, sub-P193/ses-preop/stereotaxy/sub-P193_ses-preop_acq-ax_run-01_desc-STN_native.fcsv, sub-P202/ses-preop/stereotaxy/sub-P202_ses-preop_acq-ax_run-01_desc-STN_native.fcsv, sub-P205/ses-preop/stereotaxy/sub-P205_ses-preop_acq-ax_run-01_desc-STN_native.fcsv, sub-P213/ses-preop/stereotaxy/sub-P213_ses-preop_acq-ax_run-01_desc-STN_native.fcsv, sub-P214/ses-preop/stereotaxy/sub-P214_ses-preop_acq-ax_run-01_desc-STN_native.fcsv, sub-P221/ses-preop/stereotaxy/sub-P221_ses-preop_acq-ax_run-01_desc-STN_native.fcsv, sub-P256/ses-preop/stereotaxy/sub-P256_ses-preop_acq-ax_run-01_desc-STN_native.fcsv, sub-P277/ses-preop/stereotaxy/sub-P277_ses-preop_acq-ax_run-01_desc-STN_native.fcsv, sub-P281/ses-preop/stereotaxy/sub-P281_ses-preop_acq-ax_run-01_desc-STN_native.fcsv, sub-P289/ses-preop/stereotaxy/sub-P289_ses-preop_acq-ax_run-01_desc-STN_native.fcsv, sub-P292/ses-preop/stereotaxy/sub-P292_ses-preop_acq-ax_run-01_desc-STN_native.fcsv, sub-P293/ses-preop/stereotaxy/sub-P293_ses-preop_acq-ax_run-01_desc-STN_native.fcsv, sub-P310/ses-preop/stereotaxy/sub-P310_ses-preop_acq-ax_run-01_desc-STN_native.fcsv, sub-P328/ses-preop/stereotaxy/sub-P328_ses-preop_acq-ax_run-01_desc-STN_native.fcsv, sub-P350/ses-preop/stereotaxy/sub-P350_ses-preop_acq-ax_run-01_desc-STN_native.fcsv, sub-P352/ses-preop/stereotaxy/sub-P352_ses-preop_acq-ax_run-01_desc-STN_native.fcsv, sub-P353/ses-preop/stereotaxy/sub-P353_ses-preop_acq-ax_run-01_desc-STN_native.fcsv, sub-P355/ses-preop/stereotaxy/sub-P355_ses-preop_acq-ax_run-01_desc-STN_native.fcsv, sub-P359/ses-preop/stereotaxy/sub-P359_ses-preop_acq-ax_run-01_desc-STN_native.fcsv, sub-P367/ses-preop/stereotaxy/sub-P367_ses-preop_acq-ax_run-01_desc-STN_native.fcsv, sub-P369/ses-preop/stereotaxy/sub-P369_ses-preop_acq-ax_run-01_desc-STN_native.fcsv, sub-P374/ses-preop/stereotaxy/sub-P374_ses-preop_acq-ax_run-01_desc-STN_native.fcsv
    jobid: 0
    reason: Input files updated by another job: sub-P369/ses-preop/afids-cnn/sub-P369_ses-preop_acq-ax_run-01_desc-afidscnn-nnlm_afids.fcsv, sub-P214/ses-preop/afids-cnn/sub-P214_ses-preop_acq-ax_run-01_desc-afidscnn-nnlm_afids.fcsv, sub-P369/ses-preop/stereotaxy/sub-P369_ses-preop_acq-ax_run-01_desc-STN_native.fcsv, sub-P350/ses-preop/stereotaxy/sub-P350_ses-preop_acq-ax_run-01_desc-STN_native.fcsv, sub-P374/ses-preop/stereotaxy/sub-P374_ses-preop_acq-ax_run-01_desc-STN_native.fcsv, sub-P281/ses-preop/stereotaxy/sub-P281_ses-preop_acq-ax_run-01_desc-STN_native.fcsv, sub-P167/ses-preop/afids-cnn/sub-P167_ses-preop_acq-ax_run-01_desc-afidscnn-nnlm_afids.fcsv, sub-P350/ses-preop/afids-cnn/sub-P350_ses-preop_acq-ax_run-01_desc-afidscnn-nnlm_afids.fcsv, sub-P182/ses-preop/stereotaxy/sub-P182_ses-preop_acq-ax_run-01_desc-STN_native.fcsv, sub-P352/ses-preop/stereotaxy/sub-P352_ses-preop_acq-ax_run-01_desc-STN_native.fcsv, sub-P292/ses-preop/afids-cnn/sub-P292_ses-preop_acq-ax_run-01_desc-afidscnn-nnlm_afids.fcsv, sub-P355/ses-preop/afids-cnn/sub-P355_ses-preop_acq-ax_run-01_desc-afidscnn-nnlm_afids.fcsv, sub-P328/ses-preop/afids-cnn/sub-P328_ses-preop_acq-ax_run-01_desc-afidscnn-nnlm_afids.fcsv, sub-P367/ses-preop/afids-cnn/sub-P367_ses-preop_acq-ax_run-01_desc-afidscnn-nnlm_afids.fcsv, sub-P202/ses-preop/stereotaxy/sub-P202_ses-preop_acq-ax_run-01_desc-STN_native.fcsv, sub-P367/ses-preop/stereotaxy/sub-P367_ses-preop_acq-ax_run-01_desc-STN_native.fcsv, sub-P293/ses-preop/afids-cnn/sub-P293_ses-preop_acq-ax_run-01_desc-afidscnn-nnlm_afids.fcsv, sub-P293/ses-preop/stereotaxy/sub-P293_ses-preop_acq-ax_run-01_desc-STN_native.fcsv, sub-P221/ses-preop/stereotaxy/sub-P221_ses-preop_acq-ax_run-01_desc-STN_native.fcsv, sub-P310/ses-preop/stereotaxy/sub-P310_ses-preop_acq-ax_run-01_desc-STN_native.fcsv, sub-P359/ses-preop/afids-cnn/sub-P359_ses-preop_acq-ax_run-01_desc-afidscnn-nnlm_afids.fcsv, sub-P193/ses-preop/afids-cnn/sub-P193_ses-preop_acq-ax_run-01_desc-afidscnn-nnlm_afids.fcsv, sub-P205/ses-preop/stereotaxy/sub-P205_ses-preop_acq-ax_run-01_desc-STN_native.fcsv, sub-P256/ses-preop/afids-cnn/sub-P256_ses-preop_acq-ax_run-01_desc-afidscnn-nnlm_afids.fcsv, sub-P310/ses-preop/afids-cnn/sub-P310_ses-preop_acq-ax_run-01_desc-afidscnn-nnlm_afids.fcsv, sub-P281/ses-preop/afids-cnn/sub-P281_ses-preop_acq-ax_run-01_desc-afidscnn-nnlm_afids.fcsv, sub-P214/ses-preop/stereotaxy/sub-P214_ses-preop_acq-ax_run-01_desc-STN_native.fcsv, sub-P175/ses-preop/afids-cnn/sub-P175_ses-preop_acq-ax_run-01_desc-afidscnn-nnlm_afids.fcsv, sub-P213/ses-preop/afids-cnn/sub-P213_ses-preop_acq-ax_run-01_desc-afidscnn-nnlm_afids.fcsv, sub-P175/ses-preop/stereotaxy/sub-P175_ses-preop_acq-ax_run-01_desc-STN_native.fcsv, sub-P292/ses-preop/stereotaxy/sub-P292_ses-preop_acq-ax_run-01_desc-STN_native.fcsv, sub-P221/ses-preop/afids-cnn/sub-P221_ses-preop_acq-ax_run-01_desc-afidscnn-nnlm_afids.fcsv, sub-P353/ses-preop/afids-cnn/sub-P353_ses-preop_acq-ax_run-01_desc-afidscnn-nnlm_afids.fcsv, sub-P289/ses-preop/afids-cnn/sub-P289_ses-preop_acq-ax_run-01_desc-afidscnn-nnlm_afids.fcsv, sub-P374/ses-preop/afids-cnn/sub-P374_ses-preop_acq-ax_run-01_desc-afidscnn-nnlm_afids.fcsv, sub-P213/ses-preop/stereotaxy/sub-P213_ses-preop_acq-ax_run-01_desc-STN_native.fcsv, sub-P328/ses-preop/stereotaxy/sub-P328_ses-preop_acq-ax_run-01_desc-STN_native.fcsv, sub-P182/ses-preop/afids-cnn/sub-P182_ses-preop_acq-ax_run-01_desc-afidscnn-nnlm_afids.fcsv, sub-P202/ses-preop/afids-cnn/sub-P202_ses-preop_acq-ax_run-01_desc-afidscnn-nnlm_afids.fcsv, sub-P353/ses-preop/stereotaxy/sub-P353_ses-preop_acq-ax_run-01_desc-STN_native.fcsv, sub-P359/ses-preop/stereotaxy/sub-P359_ses-preop_acq-ax_run-01_desc-STN_native.fcsv, sub-P167/ses-preop/stereotaxy/sub-P167_ses-preop_acq-ax_run-01_desc-STN_native.fcsv, sub-P165/ses-preop/stereotaxy/sub-P165_ses-preop_acq-ax_run-01_desc-STN_native.fcsv, sub-P165/ses-preop/afids-cnn/sub-P165_ses-preop_acq-ax_run-01_desc-afidscnn-nnlm_afids.fcsv, sub-P256/ses-preop/stereotaxy/sub-P256_ses-preop_acq-ax_run-01_desc-STN_native.fcsv, sub-P277/ses-preop/stereotaxy/sub-P277_ses-preop_acq-ax_run-01_desc-STN_native.fcsv, sub-P277/ses-preop/afids-cnn/sub-P277_ses-preop_acq-ax_run-01_desc-afidscnn-nnlm_afids.fcsv, sub-P289/ses-preop/stereotaxy/sub-P289_ses-preop_acq-ax_run-01_desc-STN_native.fcsv, sub-P355/ses-preop/stereotaxy/sub-P355_ses-preop_acq-ax_run-01_desc-STN_native.fcsv, sub-P352/ses-preop/afids-cnn/sub-P352_ses-preop_acq-ax_run-01_desc-afidscnn-nnlm_afids.fcsv, sub-P205/ses-preop/afids-cnn/sub-P205_ses-preop_acq-ax_run-01_desc-afidscnn-nnlm_afids.fcsv, sub-P193/ses-preop/stereotaxy/sub-P193_ses-preop_acq-ax_run-01_desc-STN_native.fcsv
    resources: tmpdir=/localscratch/tmp
[Mon Aug 17 13:04:22 2026]
Finished jobid: 0 (Rule: all)
158 of 158 steps (100%) done
Complete log(s): /local/scratch/autoafids/old_model_STN_pred/.snakemake/log/2026-08-17T110751.289612.snakemake.log
